699.0,Fireworks fireworks fireworks @ Fireworks Festival Alexandra Palace https://t.co/A7viJA0lSb
670.0,Fireworks fireworks fireworks @ Fireworks Festival Alexandra Palace https://t.co/2OQas5qQ9r
336.0,Blackheath Fireworks. #fireworks @ LBL Blackheath Fireworks https://t.co/nhQKJ2rvPi
451.0,Oooh fireworks  Oh  fireworks Oh god. Fireworks  #rememberrememberthefifthofnovember
729.0,Fireworks at Alexander palace! #alexanderpalace #fireworks @ Fireworksâ€¦ https://t.co/SAQ1WZVI3p
744.0,Fireworks at Ally Pally! #alexanderpalace #fireworks @ Fireworks Festivalâ€¦ https://t.co/xmYaT77liY
777.0,Ally Pally fireworks! #fireworks #alexanderpalace @ Fireworks Festivalâ€¦ https://t.co/khmxRqUdIN
730.0,Lazerbeams before the fireworks #London #fireworks @ Fireworks Festival Alexandra Palace https://t.co/ym1UQROOiM
158.0,Fireworks #batterseapark #fireworks #bonfirenight2015 #london @ Battersea Park Fireworks https://t.co/6VoacakdNk
868.0,A surprise fireworks show from our garden :) #fireworks #fireworks2015 #fireworksdisplay #surpriseâ€¦ https://t.co/8fptP07f38
458.0,Fireworks on the terrace.  #LastNight #Fireworks #TheOrangery #Fireworks #KP #Pink #Kensingtonâ€¦ https://t.co/gEFlNGtUW7
337.0,Fireworks at ally pally #fireworks #beerfestival #alexandrapalace #boomerang @ Fireworks Festivalâ€¦ https://t.co/yzPkGEuojE
908.0,Fireworks! Time lapse... Not very fast fireworks. @ Aylesbury Rugby Club Mix 96 Fireworks https://t.co/TtKZ7SaeLL
775.0,Great fireworks in Blackheath #fireworks #blackheath #pretty #london @ LBL Blackheath Fireworks https://t.co/je6vB9tv5L
772.0,Fireworks at home courtesy of balloonatics_ongar great fireworks thanks girls!!! #fireworks #ongarâ€¦ https://t.co/E0S9TVqHQA
511.0,#fireworks @ Epsom Fireworks https://t.co/ZyjvxTXQ5K
278.0,Fireworks @ Ampthill Fireworks https://t.co/r7bGBNJdAr
402.0,Fab time at the fireworks despite the parking! #fireworks #bonfire #bog @ Fireworks @ Four Ashes https://t.co/BAb5xms6fc
465.0,Fireworks at Alexandra Palace. Yeah boi #fireworks #boom #skyflowers #wife #love #london @ Fireworksâ€¦ https://t.co/RYARaFwhf2
469.0,ClichÃ© fireworks @ Chipstead Fireworks https://t.co/LTISO9HXD3
878.0,Fireworks yday @ Blackheath Fireworks https://t.co/KFZK3BKgFc
434.0,Ampthill fireworks 2015 ğŸ† @ Ampthill Fireworks https://t.co/aAHEdG7wd7
396.0,Enjoying the fireworks :) @ Upchurch Fireworks https://t.co/GGKCFhO2qS
240.0,FIREWORKS!!!!!!!ğŸ’œğŸ’œğŸ’œ @ Upchurch Fireworks https://t.co/xDWvP0288R
244.0,Ready for the fireworks ğŸ† @ Ampthill Fireworks https://t.co/8hMhkTIa5n
254.0,#fireworks #ampthillfireworks @ Ampthill Fireworks https://t.co/imB2Icxke4
119.0,Fireworks!! @ Battersea Park Fireworks https://t.co/HvX22wvYZ1
605.0,Fireworks! @ Battersea Park Fireworks https://t.co/PqPzw3mA5L
533.0,#fireworks #nofilter @ Ravenscourt Park Fireworks https://t.co/7iFPfQWEgZ
923.0,Fireworks selfie #fireworks @ Danson Park https://t.co/8bK6KOePOC
562.0,#fireworks #nofilter @ Ravenscourt Park Fireworks https://t.co/l0ppGsWiP7
635.0,FIREWORKS! @ Fireworks Festival Alexandra Palace https://t.co/uBwc4Fu8Fi
769.0,Oh yes. #blackheath #fireworks ğŸ†ğŸ‡ @ Blackheath Fireworks https://t.co/Q8Pf74xye3
23.0,Fantastic fireworks display!! @ Barnham Fireworks https://t.co/qzkCj3Ze4T
810.0,St Albans Fireworks @ Verulamium Park Fireworks https://t.co/IIwqFdInrH
182.0,Fireworks #fireworks #victoriapark @ Victoria Park https://t.co/gGFTmDEgaZ
553.0,#fireworks #nofilter @ Ravenscourt Park Fireworks https://t.co/AypMRvDMjE
262.0,All I see is fireworks ğŸ’¥ @ Battersea Park Fireworks https://t.co/byIdpbOSlO
811.0,Blackheath do have the best fireworks ğŸ’¥ @ Blackheath Fireworks https://t.co/u8NbmGTxqY
419.0,#Fireworks! @ Fireworks Ealing Cricket Club https://t.co/Bl1y61iN0e
332.0,#fireworks #timelapse @ LBL Blackheath Fireworks https://t.co/gfsarMMO44
106.0,Guyfox fireworks @ Fireworks Morden Park https://t.co/9gAS8ZvB1S
344.0,ğŸ”¥ğŸ’¥ Bonfires & Fireworks ğŸ’¥ğŸ”¥ @ Battersea Park Fireworks https://t.co/Sj0Ov8mJGb
358.0,Boom fireworks! @ Southwark Park Fireworks https://t.co/xaDDNiQmf7
449.0,ğŸ» waiting for the fireworks to start ğŸ’¥ğŸ’¥ (@ Winchester Fireworks) https://t.co/E8Dwzc5xCw
649.0,Bonfire Night Fireworks @ Battersea Park Fireworks https://t.co/DaS7yuM9sa
514.0,Fireworks last night when I was at the club. #fireworks @ Wasps FC https://t.co/Fu8S8MeiNP
113.0,Ready and waiting for the fireworks! #winchbonfire @ Winchester Fireworks https://t.co/bXhhxqSdCI
596.0,Fireworks from el balcon âœ¨âœ¨ #victoriapark #fireworks @ Connaught Works https://t.co/OJz0J6AvAN
154.0,Amazing fireworks for 10 year celebrations chelseaual #fireworks @â€¦ https://t.co/TnnAcRm6NB
19.0,#batterseapark #fireworks #guyfawkesnight @ Battersea Park Fireworks https://t.co/gEDORkgDPs
261.0,Fireworks at my #niece 13th birthday. #happybirthday #fireworks #aweosmeâ€¦ https://t.co/A2blrWaNcq
91.0,Fireworks at Alexandra Palace with the bestie ğŸ† #allypally #fireworksâ€¦ https://t.co/ZXAvTUtDfD
807.0,#allypally fireworks @ Fireworks Festival Alexandra Palace https://t.co/b0ZqLYVDQz
298.0,ğŸ‡ğŸ†ğŸ’¥ #vickypark #fireworks @ Victoria Park for fireworks https://t.co/hSdqGOdiTo
164.0,Fireworks last nightğŸ‘»ğŸ’¥ #fireworks #halloween @ Plumstead https://t.co/yiQLtIlqt1
727.0,#fireworks #selfie #alleypallypark #lovehim @ Fireworks Festivalâ€¦ https://t.co/zCaHFn6gb3
393.0,Fireworks with these gals ğŸ˜ğŸ’« @ Fireworks Festival Alexandra Palace https://t.co/1ivMh9gtQ8
323.0,#SAS fireworks @SASsoftwareUK #bonfire #fireworks #35 @ SAS UK https://t.co/6Yq6ywGIZT
189.0,Fireworks last nightğŸ‘»ğŸ’¥ #fireworks #halloween @ Plumstead https://t.co/yiQLtIlqt1
649.0,Carshalton Fireworks with Grandad ğŸ’¥â¤ï¸ @ Carshalton Fireworks https://t.co/ZFFGTGZq1G
794.0,Wrapped up warm for the firework! #fireworks #alexanderpalace @ Fireworksâ€¦ https://t.co/vsorEinU7H
489.0,Pink fireworks ğŸ’• #bonfirenight @ Battersea Park Fireworks https://t.co/iEaH9gSRP6
187.0,Fireworks last nightğŸ‘»ğŸ’¥ #fireworks #halloween @ Plumstead https://t.co/yiQLtIlqt1
343.0,All the gang at fireworks having fun #royalwindsorracecourse #fireworks #windsor https://t.co/JeWSOXb0cX
373.0,Fireworks with my babies â¤ï¸â¤ï¸â¤ï¸ @ Wimbledon Park Fireworks https://t.co/WuDLcwEVpr
906.0,FIREWORKS! #fireworks #london @ London  United Kingdom https://t.co/apokZlZ5io
307.0,#Fireworks last night. @ Fireworks Festival Alexandra Palace https://t.co/0xUlGS91sD
627.0,#cabbiesview #fireworks #funtimeswithfriends @ Fireworks Festival Alexandra Palace https://t.co/SWfqh3heJz
392.0,Fireworks from the Heath ğŸ† #nobonfire #nofilter @ LBL Blackheath Fireworks https://t.co/aTpz6LsbeR
500.0,Waiting for the fireworks #allypally @ Fireworks Festival Alexandra Palace https://t.co/GD2i20GQo2
620.0,#cabbiesview #fireworks #funtimeswithfriends @ Fireworks Festival Alexandra Palace https://t.co/wB6tuWPDMA
42.0,Awesome fireworks and all for free ğŸ˜Š #fireworks #bonfirenight #blackheathfireworks2015 #blackheathâ€¦ https://t.co/OXQ8Xs48cl
96.0,Fireworks ğŸ˜ğŸ†ğŸ‡ #fireworks #Greenwich #tallships #tallships2015 @ Greenwich https://t.co/Ue7TjdNuUO
14.0,Carousel at the fireworks! #childsplay #fireworks #funatthefair @ Bishop's Park https://t.co/kIU5TNvPH9
822.0,#fireworks #verulamiumpark #stalbansfireworks #stalbans @ Verulamium Park Fireworks https://t.co/xVt7mH8oma
654.0,Battersea Park you know how to do fireworks! #Royals #London #fireworks @â€¦ https://t.co/OozC5h0UKQ
302.0,Blackheath Fireworks ğŸ† #fireworks #blackheath #guyfawkes @ Blackheath  London https://t.co/z9KlW7z4xM
650.0,#cabbiesview #fireworks #funtimeswithfriends @ Fireworks Festival Alexandra Palace https://t.co/Pajb4SQu1M
608.0,Fireworks! ğŸƒğŸ•¸ğŸŒœâ˜„ #ripleybonfire #fireworks #friends #drinks #halloween @â€¦ https://t.co/QA2vJvLd76
657.0,#cabbiesview #fireworks #funtimeswithfriends @ Fireworks Festival Alexandra Palace https://t.co/itawoHE2qL
877.0,Fireworks A team ellycolli @freddiejrussell âœ¨ğŸ‰ @ Battersea Park Fireworks https://t.co/LDJCzwBalc
301.0,#fireworksdisplay #fireworks #bombfirenight ğŸ†ğŸ’¥ğŸ‡ğŸºğŸ»ğŸ¹ğŸ¶ğŸ‘€ğŸ·ğŸ˜‰ @ LBL Blackheath Fireworks https://t.co/z1oGW2JlWV
372.0,Scan your fireworks before you buy with the QR app! Watch the fireworks! #guyfawkes @â€¦ https://t.co/asKaJhmCLD
243.0,#bombfirenight #fireworks #fireworksdisplay ğŸ˜ğŸ‘€ğŸ¹ğŸ·ğŸ¸ğŸ»ğŸºğŸ¶ğŸ”¥ğŸ’¥ğŸ†ğŸ‡ @ LBL Blackheath Fireworks https://t.co/EYQYtpeB2a
344.0,#bombfirenight #fireworks #fireworksdisplay ğŸ˜‰ğŸ‘€ğŸºğŸ˜ğŸ»ğŸ¸ğŸ¶ğŸ‡ğŸ’¥ğŸ†ğŸ”¥ @ LBL Blackheath Fireworks https://t.co/19LviNzJvJ
347.0,#London #fireworks #alexandrapalace @ Fireworks Festival Alexandra Palace https://t.co/8QQJLGwFSq
620.0,Fire  flowers fireworks @ Fireworks Ealing Cricket Club https://t.co/dTAFxVStIM
551.0,Fireworks at Alexandra Palace @ Fireworks Festival Alexandra Palace https://t.co/02zKSIJgYj
739.0,I love me some fireworks! #allypally @ Fireworks Festival Alexandra Palace https://t.co/YXWaqKGLoP
13.0,#Fireworks #AlexandraPalace #London @ Fireworks Festival Alexandra Palace https://t.co/YHC0pHpp2d
662.0,#cabbiesview #fireworks #funtimeswithfriends @ Fireworks Festival Alexandra Palace https://t.co/a5wXhQIIHr
302.0,Fireworks #fireworks #guyfawkes #lingfield @ Lingfield Park Racecourse https://t.co/AFm8twAf9I
745.0,Fireworks for Bonfire. So cool. #London #Fireworks #Bonfire #Englandâ€¦ https://t.co/los3bzMdh1
512.0,Slow motion fireworks #fireworks #design @ Victoria Park https://t.co/IJ0lsOncpG
790.0,The best fireworks I've ever seen ğŸ˜ğŸ’¥ @ Battersea Park Fireworks https://t.co/m6xYJspg5X
375.0,#pink #fireworks #bonfire #guyfawkesnight @ Battersea Park Fireworks https://t.co/Zgscgv54fv
503.0,#fullofcolors #upintheair #fireworkshow #fireworks #fireworksfestival #guyfawkesnight @ Fireworksâ€¦ https://t.co/YUYMi2vm9Q
828.0,ğŸ‡ ğŸ’«ğŸŒŸ ğŸ‡ ğŸ’«ğŸŒŸ FIREWORKS ğŸ‡ğŸ’«ğŸŒŸğŸ‡ğŸ’«ğŸŒŸ #batterseafireworks ğŸ‡ğŸ’«ğŸŒŸğŸ‡ @ Battersea Park Fireworks https://t.co/BpEjFlbEJW
524.0,Fireworks overlooking londonğŸ˜ğŸ† -19th @ Fireworks Festival Alexandra Palace https://t.co/Gbe35PBqa9
161.0,Fireworks #fireworks #e20 #london #bonfirenight @ East Village London E20 https://t.co/YowcIPHZD0
276.0,All ready to watch the fireworks!! @ Fireworks Festival Alexandra Palace https://t.co/jtCcM8ZKei
397.0,Obligatory fireworks photo! #fireworks #stalbansfireworks @ Verulum Park https://t.co/kd8oQQlkzI
39.0,Bang Bang # fireworks #slowmotion @ Wimbledon Park Fireworks https://t.co/7gPJsKruKL
718.0,Remembrance fireworks! ğŸ†ğŸ’¥ #rememberance #fireworks #kingston #london @ Kingsmeadow https://t.co/E8ynXSvqxt
401.0,Watching the fireworks and now off to the funfaor @ LBL Blackheath Fireworks https://t.co/YL0wCYmtlw
318.0,Farnham fireworks #farnham #fireworks #bonfirenight @ Farnham Park https://t.co/oOg287WCto
609.0,#cabbiesview #fireworks #funtimeswithfriends @ Fireworks Festival Alexandra Palace https://t.co/Y9a0f1CejV
487.0,Fireworks with these lovelies. #fireworks #penniefortheguy #weallneedtopee #lovetheseguys @ Victoriaâ€¦ https://t.co/2ZwepYHrWg
672.0,ğŸ’«âœ¨ğŸ’– #fireworks #allypally @ Fireworks Festival Alexandra Palace https://t.co/rjtKSLjG3N
67.0,#fireworks #guyfawkes #beautiful #firework #fireworkdisplay @ Epsom Fireworks https://t.co/cMZQKzcETy
339.0,Wormley Scouts Fireworks Show - 1st November 2015 #fireworks #fireâ€¦ https://t.co/O0j9K38BFY
594.0,#cabbiesview #fireworks #funtimeswithfriends @ Fireworks Festival Alexandra Palace https://t.co/uCJMZwK0Wl
240.0,Fireworks with these two beautsğŸ’™â¤ï¸ #fireworknight @ Barking Park Fireworks https://t.co/PkyWrIa7k0
599.0,#cabbiesview #fireworks #funtimeswithfriends @ Fireworks Festival Alexandra Palace https://t.co/AkvopKNt88
76.0,Fireworks ğŸ’¥ğŸ’¥ #harrowlodge #fireworks #funfair @ Harrow Lodge Park https://t.co/rKsLHaTzZR
586.0,âœ¨ğŸ’«ğŸ’– #fireworks #allypally @ Fireworks Festival Alexandra Palace https://t.co/fyT1pjzWHv
353.0,Battersea fireworks #bonfirenight #fireworks #fireworkslove @ Battersea Park https://t.co/OarEvL8JQp
80.0,Fireworks ğŸ’¥ğŸ’¥ #harrowlodge #fireworks #funfair @ Harrow Lodge Park https://t.co/49Lqnd8vOk
829.0,Fireworks at Hemel fc tonight âœ¨ #fireworks @ Hemel Football Club https://t.co/Ys8pDUHsGW
372.0,Watching Fireworks from my balcony tonight  amazing #fireworks #home @â€¦ https://t.co/abJQF41tDl
403.0,#littlehampton #fireworks #bonfirenight #halloween @ Littlehampton Bonfiire & Fireworks https://t.co/1kS9DsFRwW
520.0,#LASERS !! #AlexandraPalaceFireworks #AllyPally #Fireworks #FireworksFestival @ Fireworks Festivalâ€¦ https://t.co/aD8E3yBSnr
312.0,ğŸ’¥ğŸ’¥ğŸ’¥ #fireworks #guyfawkes #5thNovember @ Battersea Park Fireworks https://t.co/61XszKEjGr
124.0,#allypally #fireworks ğŸ’¥ğŸ’«âœ¨ @ Fireworks Festival Alexandra Palace https://t.co/J8tE1tFkww
641.0,Incredible Fireworks at Heyshott tonight ğŸ’• #fireworks #fireworksnight #fireworksdisplayâ€¦ https://t.co/wF5b457tMf
720.0,Battersea park fireworks with my love â¤ï¸ ğŸš€âœ¨ğŸ’«ğŸ† #bonfire #fireworksâ€¦ https://t.co/lRJxqtzoYJ
498.0,Fireworks âœ¨ğŸ’«â¤ï¸â¤ï¸â¤ï¸â¤ï¸ @georgiiet @ Fireworks Festival Alexandra Palace https://t.co/oz9645nXwI
483.0,YES fireworks - give me all the fireworks :D :D  #wimbledonfireworks #wimbledonbonfire #bonfirenightâ€¦ https://t.co/PaqtV4amt2
86.0,Fireworks ğŸ’¥ğŸ’¥ #harrowlodge #fireworks #funfair @ Harrow Lodge Park https://t.co/fR9H7oc6XS
614.0,#cabbiesview #fireworks #funtimeswithfriends @ Fireworks Festival Alexandra Palace https://t.co/WE4xFuweEY
530.0,Awesome night at fireworks!! #fireworks #night #happy #friends #kidsâ€¦ https://t.co/FuiQ9wQ2BE
506.0,#fireworks night #batterseaparkfireworks #matedate nicolettenadimi @ Battersea Park Fireworks https://t.co/i0ZbWRDLHL
790.0,Fireworks night at Ally Pally ğŸš€ @ Fireworks Festival Alexandra Palace https://t.co/57rVzdhjdC
100.0,Fireworks night got me bad ğŸ’¥ @ Fireworks Festival Alexandra Palace https://t.co/i5UPMnI28R
357.0,Fireworks on the balcony on bonfire night. ğŸ†ğŸ‡  #Fireworks #FireworksNight #BonfireNight #Bonfire @â€¦ https://t.co/nih83X6kuD
273.0,Fireworks night with my mama â˜„ #fireworks #bonfirenight #fireworksnight @ Dartford Park https://t.co/AiPyCR4fEd
213.0,Enjoying the fireworks last night! (Abut blurry I know) ğŸ˜ #fireworksâ€¦ https://t.co/j28OM5FRUH
290.0,Fireworks at Alexandra Palace last night. @ Fireworks Festival Alexandraâ€¦ https://t.co/TecL89o7fI
280.0,This is how you do fireworks ğŸ‘ŒğŸ»ğŸ† #bluewater #fireworks #christmaslights #xmas #christmas #lightshowâ€¦ https://t.co/aalyufEs99
41.0,Fireworks! Greenwich is on fire! ğŸ¥ğŸ‡¬ğŸ‡§ğŸ’¥ #fireworks #5thnovember #greenwich #photoofthedayâ€¦ https://t.co/ZKU3Gu5gHC
514.0,Fireworks finale #fireworks #sundayfunday #London @ Richmond Athletic Association https://t.co/8GHoTeCaez
555.0,QT and fireworks with my favourite. ğŸ’¥âœ¨ğŸ’™ğŸ’™ #familytime #babybrother #fireworks #smiles #love @â€¦ https://t.co/kM1RsZPFLC
549.0,All of the fireworks that look like galaxies #fireworks #fireworksnight #winter @ Peckham https://t.co/ySNKElUYWb
175.0,#fireworks #London #VictoriaPark #november #Sky @ Victoria Park for fireworks https://t.co/CHIIc8zNEr
54.0,More fireworks... but that's it!  #outdoors #fun #fireworks #iphoneonly #family #nightout #actionâ€¦ https://t.co/zX62qQuVsk
391.0,Fireworks and Sparklers with these two ğŸ’—ğŸ’™ğŸ† @ayresyrichard sarah_stace #Bonfire #Fireworks @â€¦ https://t.co/XTUbYNYhsm
115.0,Enjoyed our first family fireworks display tonight! #fireworks #guyfawkesâ€¦ https://t.co/EmgSkxxXjm
1.0,#AlexandraPalace #Fireworks #London #northlondon @ Fireworks Festival Alexandra Palace https://t.co/DEXV88fy2e
180.0,Finale Fireworks #UKWelcomesModi #ModiAtWembley #fireworks #london #wembleystadium #diwaliâ€¦ https://t.co/hLjdizRSPc
546.0,Best ever #fireworks @yourallypally @ Fireworks Festival Alexandra Palace https://t.co/8m7XV4RWPF
690.0,Much #latergram from our local little fireworks display... #fireworks #bonfirenightâ€¦ https://t.co/GBIvN2r8Km
443.0,Awesome fireworks event tonight for our friends @porscheretail who are sponsoring #fireworksâ€¦ https://t.co/j6fjz2Cap5
726.0,Fireworks with my best pal ğŸ† #bonfirenight #fireworks #home @ Barnes  London https://t.co/4Xx7feCe40
243.0,Boat fireworks... That's how we roll #fireworks #boatlife #nearlywentup #lifeonthewater @ Limehouseâ€¦ https://t.co/H0dE7b9vs6
618.0,Battersea Bonfire #battersea #fireworks #london @ Battersea Park Fireworks https://t.co/gYY2jPuD9M
533.0,#tribute #tenaciousd #chiswick #fireworks #wearebutmenROCK! @ Ravenscourt Park Fireworks https://t.co/PfpMxPdtrs
741.0,Firework! #AllyPally #AlexandraPalace #fireworks @ Fireworks Festival Alexandra Palace https://t.co/Ob7FCZI5QX
541.0,#guyfawkesnight #fireworksfestival #fireworks #fireworkshow @ Fireworks Festival Alexandra Palace https://t.co/N0dK94LlIs
465.0,#fireworksfestival #fireworkshow #fireworks #fullofcolors #upintheair ğŸ†ğŸ‡ğŸŒŒ @ Fireworks Festivalâ€¦ https://t.co/ltcfCebraD
36.0,Fireworks with the family including Ty and Em ğŸ’• @ Aylesbury Rugby Club Mix 96 Fireworks https://t.co/ocCkBDTJ47
840.0,London Fields Fireworks #fireworks #londonfields #hackney @ London Fields https://t.co/0c0GKrUtBo
580.0,#fireworkshow #fireworks #fireworksfestival #guyfawkesnight @ Fireworks Festival Alexandra Palace https://t.co/nmv78wquN7
309.0,ğŸ† 20 mins fireworks #bonfire #bonfirenight #bonfireworks #fireworks #aroyalnightout #batterseaâ€¦ https://t.co/T7V9drescJ
305.0,It's all kicking off! #beerfest #alipali #fireworks #germanbeerfest @ Fireworks Festival Alexandraâ€¦ https://t.co/E5zpXKYbDK
31.0,Crying over this. #fireworks #fireworkshow #fireworksfestival #laymedown #samsmith ğŸ˜­ğŸ˜” @ Fireworksâ€¦ https://t.co/vLIpe1vUIr
308.0,FIREWORKS ğŸ† My 1st attempt at capturing fireworks ğŸ˜ #LO_fireworks #LDN4ALL_topnotch @ London  Unitedâ€¦ https://t.co/6xq9MAIDlC
282.0,#samsmith #laymedown #fireworksfestival #fireworkshow #fireworks ğŸ‡ğŸ† @ Fireworks Festival Alexandraâ€¦ https://t.co/YiwrmPhwzL
856.0,Did you know the St Albans fireworks display is the biggest fireworks display in the South ofâ€¦ https://t.co/IQmmZj471C
675.0,Fireworks family fun in Harrow! #fireworks #harrow @ Byron Park https://t.co/FjYfQWRfJG
275.0,Fireworks at #blackheath this evening. Beautiful! #blackheathfireworks #fireworks #nov5 @ Blackheathâ€¦ https://t.co/URXPcsC4pS
249.0,Bonfire fireworks display at southwark park #GuyFawkesNight #BonfireNight #Fireworks https://t.co/0K9OPmLXx2
73.0,Kaboom. Obligatory #fireworks shot. ğŸ† #latergram @ Battersea Park Fireworks https://t.co/XV2wUZLkS0
390.0,#wimbledon #wimbledonpark #fireworks #londonsburning #guyfawkesnight @ Wimbledon Park Fireworks https://t.co/T80qYOu8zm
185.0,It was my first time seeing fireworks w/ goosebumps after Disneyland's. The fireworks weren't aboutâ€¦ https://t.co/U30P5kdAwX
347.0,#batterseaparkfireworks #fireworks #bonfire #nofilter #autumn @ Battersea Park Fireworks https://t.co/Czyi6vG0xo
501.0,Ally Pally fireworks for free... @ Fireworks Festival Alexandra Palace https://t.co/ZgOpek7q4E
847.0,ğŸ’¥ğŸ†ğŸŒ‘ Fireworks time ğŸŒ‘ğŸ†ğŸ’¥ @ Fireworks Festival Alexandra Palace https://t.co/JUM1rAe593
94.0,Love fireworks ğŸ˜ #stalbans #stalbansfireworks #verulamiumpark #fireworks #oursong #skyfullofstarsâ€¦ https://t.co/yy92Gb9dAg
348.0,Made fireworks happen. Sold out event #winchester @ Winchester Fireworks https://t.co/yyubhXuG8Y
518.0,Battersea Park Fireworks!!! #fireworks #batterseafireworks #batterseapark @ Battersea Park https://t.co/GuBDzinF5f
55.0,Some so-mo fireworks action... #fireworks #stevenspielberg #ealing @ Ealing Cricket Club https://t.co/heHXM7PDPD
167.0,#gunpowder #treason #fireworks and #mud @yourallypally #100happydays #100ourakhor @ Fireworksâ€¦ https://t.co/FYh7VcWTRz
302.0,More fireworks.   #fireworks #November #vscophile #allypally #guyfawkes #london #alexandrapalaceâ€¦ https://t.co/shuKWgRsJu
534.0,Fireworks at Wimbledon Park 5/11/10 #fireworks #wimbledonpark #nofilter #instagood #instalikeâ€¦ https://t.co/nhO8EFdG7k
421.0,Epic fireworks! #fireworks #harlequinwatford #2015 #christmas @ Harlequin Shopping Centre https://t.co/j1VlERLpgs
130.0,Battersea Park Fireworks! They were probably the most amazing fireworks I've ever seen!â€¦ https://t.co/ZVGLwuTShq
178.0,#fireworks #friends #bestfriends #glow #festive @ Ravenscourt Park Fireworks https://t.co/Re0Wh52mJK
614.0,Fireworks with these girlies ğŸ’— #fireworks #guildford #girlies @ Stoke Park  Guildford https://t.co/wvz5aV8eoW
687.0,First fireworks display ğŸ† #fireworks #bonfire #first #monkeydolley #princessayidâ€¦ https://t.co/DMbVImCZNQ
491.0,Fireworks goodnight :) #london #lovelife #fireworks @ London  United Kingdom https://t.co/ASihmeuhht
816.0,Ready to play after the fireworks! #tring #fireworks ğŸ’¥ğŸ’« @ Tring Festival of Fire https://t.co/e9SQKzDhWX
191.0,Obligatory #fireworks Instagram #bonfirenight #winchesterfireworks @theginaweena @ Winchester Fireworks https://t.co/GY1yJNnsvn
584.0,Amazing #love #fireworks #bonfire @ Fireworks Festival Alexandra Palace https://t.co/SqukHOdNA6
177.0,Awesome #fireworks #gold #glitter #ravenscourtpark @ Ravenscourt Park Fireworks https://t.co/rfeEwlBctH
514.0,#fireworks last night at #AlexandraPalace @yourallypally @ Fireworks Festival Alexandra Palace https://t.co/48o6ndC4IV
333.0,Amazing fireworks to celebrate Bonfire Night!  #Fireworks #bonfirenight #england #inspirationâ€¦ https://t.co/KEHKWKLzRu
179.0,Captivated by the fireworks in Viccy Park on bonfire night. #fireworks @ Victoria Park https://t.co/LGIsggmus5
124.0,The Fireworks were magical last night! #fireworks #bonfirenight #stalbans #starry #robbiewilliamsâ€¦ https://t.co/4xPtuihwYx
662.0,Friday night fireworks with the Bradings. (@rabrading @gbrading) #fireworks #bonfirenight #november @â€¦ https://t.co/ZzQUDvEXWW
260.0,Guy Fawkes Night fireworks #fireworks #London @ East Village  London https://t.co/XUKwpzYVRK
455.0,Music to fireworks in Wimbledon Park  what a great night! #halo #fireworks #wimbledonparkfireworks @â€¦ https://t.co/qEDW7HGHpt
388.0,Love love love fireworks and tonight's were no exception! #guyfawkes #fireworks #wanttopostthemallâ€¦ https://t.co/VIKS1LAwif
199.0,Fireworks #fireworks #wtf #bang #diehard #brucewillis #action #londonfields #swegwayâ€¦ https://t.co/pProdvDQtS
114.0,Fireworks #fireworks #wtf #bang #diehard #brucewillis #action #londonfields #swegwayâ€¦ https://t.co/pProdvDQtS
163.0,#Fireworks with the #boys! ğŸ’¥  #Battersea #London #GuyFawkes #bonfirenight @ Battersea Park Fireworks https://t.co/HlsepmDHDh
787.0,Fireworks family fun in Harrow! ğŸ’¥ğŸ’¥ğŸ’¥ğŸ’¥ #fireworks #harrow @ Byron Park https://t.co/rVZpD9jWHa
120.0,No matter how many years in a row I go here  I will always love their fireworks ğŸ† @ Fireworksâ€¦ https://t.co/Rn6deeHo59
28.0,Fireworks with the flat girlies & my first baileys this winter ğŸ’«ğŸŒŸâ„ï¸ #fireworks #winterfeelsâ€¦ https://t.co/efZPFABLR4
686.0,Last nights fireworks. #bonfirenight #fireworks #bonfire #november5th #guyfawkes #guyfawkesnight @â€¦ https://t.co/abEmdG9TXQ
251.0,St Albans Fireworks. #albansangels #stalbans #abbey #cathedral #fireworks #guyfawkes @ Verulamiumâ€¦ https://t.co/rsHi6SEq5E
275.0,The Alexandra Palace Fireworks Festival 2015.  #allypaly #fireworks #London @timeoutstyle @ Alexanderâ€¦ https://t.co/DtGCFOj8fn
224.0,My boys - Bradders  Craig and I at the fireworks ğŸ’¥ğŸ’¥ğŸ˜ğŸ˜ #ladsladslads #fireworks #cassioburypark #fireâ€¦ https://t.co/LjzjHM8TQN
687.0,âœ¨Watching other people's fireworks from my window #hyperlapse #fireworks #trippy ğŸŒŒğŸ‡ @ London  Unitedâ€¦ https://t.co/ZbagHgNLT1
518.0,I think someone is a little frightened of the fireworks... #ernest #tortoise #bonfirenight #fireworksâ€¦ https://t.co/CFzL15jXHj
450.0,Slo-mo Fireworks!! #bonfire #fireworks #slowmotion #iphone6splus @ Harold Wood Essex https://t.co/3WD9Jbmgnw
149.0,Fireworks! You're never too old to run out excitably after you hear the first bang... #fireworksâ€¦ https://t.co/uRNTuj8DD7
750.0,I bloody love fireworks  and these two humans. ğŸ’œğŸ‡ @ Fireworks Festival Alexandra Palace https://t.co/KN0YsVPyjp
82.0,#allypally #fireworks were pretty awesome ğŸ’¥ #lovelondon @ Fireworks Festival Alexandra Palace https://t.co/oqsnvonk56
607.0,Not sure if Fireworks are happening or the forest is on fire.....  #Fireworks #Rain @ Center Parcs -â€¦ https://t.co/8Cz1HWiq4q
964.0,Over 150 different fireworks  at Crazy prices! #GuyFawkesNight #fireworks  Please Share and Follow!â€¦ https://t.co/NhK7e7QgYV
568.0,How's your weekend going? Ours been fine with the fireworks show at Ealing Cricket club. #fireworksâ€¦ https://t.co/Y93eWTptNh
619.0,The beautiful fireworks at Richmond Athletic Ground â˜”ï¸ğŸºğŸ‰ #beautiful #fireworks #Richmondâ€¦ https://t.co/r5aeRl9DId
429.0,Fireworks #fireworks #wtf #bang #diehard #brucewillis #action #londonfields #swegwayâ€¦ https://t.co/pProdvVrlq
666.0,Check Our Fireworks #fireworks #wtf #bang #diehard #brucewillis #action #londonfieldsâ€¦ https://t.co/pProdvDQtS
358.0,Backyard fireworks are apparently not illegal in London ğŸ˜³â¤ï¸ğŸ‡¬ğŸ‡§ #london #fireworks #guyfawkesâ€¦ https://t.co/ExYwSDgyDv
106.0,Fireworks display ğŸ† #fireworks #chipstead #colourful #bright #freedisplay #november #dslrâ€¦ https://t.co/u3KyY0kLqf
445.0,If only you could see fireworks monochrome style!!! #allypally @ Fireworks Festival Alexandra Palace https://t.co/mjR98PWnua
578.0,November = Month of fireworks in England ğŸ‡¬ğŸ‡§ #GuyFawkes #Fireworks #VictoriaPark #fireworksTH #Londonâ€¦ https://t.co/bcSGshuqul
506.0,Fireworks display at Hollingbourne Primary school #fireworks #guyfawkes #autumn #hollingbourne @â€¦ https://t.co/kywna2zyfj
249.0,4th July fireworks from our balcony with roryj91 jaknight and bknight54! Never watched fireworksâ€¦ https://t.co/vj4dw0zqVf
431.0,love #fireworks if only they were all year round.. #datenight #love #happy ğŸ’š #blur #fireworksâ€¦ https://t.co/oGlVqjngst
216.0,â¤ï¸ğŸ’›ğŸ’šğŸ’™ğŸ’œ...awesome fireworks at Battersea tonight!!! matahopo dana_bila hmango13 #battersea #fireworksâ€¦ https://t.co/h4DlxwDpvN
625.0,Still love a bit of Cassiobury Fireworks ğŸ’¥ğŸ‘«ğŸš€ğŸ† @ Cassiobury Park Fireworks https://t.co/Et0tGjUrNL
782.0,I'm missing you. ğŸ˜”ğŸ˜«ğŸ˜©ğŸ˜­ #samsmith #laymedown #fireworksfestival #fireworkshow #fireworks @ Fireworksâ€¦ https://t.co/zXP40KauXK
430.0,London Fields Fireworks #fireworks #londonfields #hackney https://t.co/uDvIjcdwmQ #boy #man #thcâ€¦ https://t.co/0c0GKrUtBo
426.0,Pretty fireworks at Battersea Park. #London #fireworks #bonfire @ Battersea Park https://t.co/JqxG39OOHh
349.0,Fabulous Battersea Park Fireworks! #London #familyfun #Fireworks #BatterseaPark #GuyFawkesâ€¦ https://t.co/cIrgQcXAwb
171.0,Random fireworks no.2 âš¡ï¸ ğŸ‡¬ğŸ‡§ğŸŒƒğŸŒ‰ğŸ†ğŸŒ‰ğŸŒƒğŸ‡¬ğŸ‡§ Extreme close up of #TowerBridge as I saw some small #Fireworksâ€¦ https://t.co/b2XLCZf6vO
95.0,Saw some fireworks ğŸ’¥ğŸ’¥  #batterseafireworks #battersea #london #city #uk #fireworks #bonfire #fireâ€¦ https://t.co/EpM2VCVJi1
18.0,Blackheath Fireworks â˜„ a tradition  can't miss a year ğŸ†ğŸŒ ğŸ‡ #fireworks #blackheath #5thofnovemberâ€¦ https://t.co/lU8qjEwW8S
655.0,Fireworks with hub @01alvin82 #flamingarrows #musketfiring #fireworks #guyfawkes #hotdogs @ Royalâ€¦ https://t.co/DR8sElVIxB
275.0,Lovely fireworks tonight at Victoria Park :) Thanks towerhamletsnow ğŸ†   #5thnovember #fireworksâ€¦ https://t.co/P4ehep7UjU
152.0,Mad Fireworks | Victoria Park #fireworks2015 #guyfawkes #victoriapark #sunchasersldn #fireworkshowâ€¦ https://t.co/npgzJBqgli
758.0,Love hearts in the sky #fireworks #love @ Fireworks Festival Alexandra Palace https://t.co/Cw9lru9FWh
456.0,"#Fireworks. Or   as I like to call them   ""Sky  Sparkles"" @ Fireworks Ealing Cricket Club https://t.co/mn5sFm19ew"
328.0,#fireworks #fireworkshow #fireworksfestival #laymedown #samsmith @ Fireworks Festival Alexandra Palace https://t.co/kqhiRtRLAj
679.0,Fireworks over the Thames to round of a grand and hungover 25th birthday #fireworks #birthday #oooâ€¦ https://t.co/XzhEOZMRip
498.0,Family fireworks! #bonfirenight #fireworks #kent #family #weekend #november @ Selling https://t.co/xkvuk9DqSu
801.0,marvaef49 & I at Crystal Palace 150th Fireworks #bonfirenight #fireworks @ Crystal Palace Park. https://t.co/GoJRJ1OrAN
155.0,My first year at Blackheath fireworks ğŸ˜ƒwhat a fantastic show #blackheathfireworks #fireworksâ€¦ https://t.co/sMsNJxrD5u
860.0,London Fields Fireworks #fireworks #londonfields #hackney https://t.co/uDvIjcdwmQ #boy #man #thcâ€¦ https://t.co/0c0GKrUtBo
426.0,love #fireworks if only they were all year round.. #datenight #love #happy ğŸ’š #blur #fireworksâ€¦ https://t.co/rjkRiIqKky
734.0,Fireworks #fireworks #wtf #bang #diehard #brucewillis #action #londonfields #swegwayâ€¦ https://t.co/pProdvDQtS
72.0,What a lovely evening watching fireworks with the family ğŸ’™ Masen was not too sure tho...  #fireworksâ€¦ https://t.co/hhuP4UXjkH
53.0,Fireworks #fireworks #wtf #bang #diehard #brucewillis #action #londonfields #swegwayâ€¦ https://t.co/pProdvDQtS
239.0,Fireworks last night ğŸ†ğŸŒš #Fireworks #StokePark #Cute ğŸ’«ğŸ’« @ Firework Display Stoke Park https://t.co/LrHL8s9JvD
156.0,Fireworks season #ğŸ‡¬ğŸ‡§ğŸŒƒğŸ† This week it's all kicking off  fireworks going to be happening every nightâ€¦ https://t.co/mmdCnujADC
609.0,Last night I bumped into my sis at the fireworks ğŸ’¥âœ¨ğŸ‘­â¤ï¸ #bestfriends #bonfirenight #fireworks #girls @â€¦ https://t.co/Eh1UeAAkGW
228.0,"""Cause you're a sky full of stars..."" Fireworks with my faves last night ğŸ’• @ Fireworks Festivalâ€¦ https://t.co/C9YwloCGm0"
728.0,Fireworks at the London Eye.  #London #fireworks #england #night #noflash #londoneye #uk #britainâ€¦ https://t.co/FOSivLivIw
450.0,Great fireworks last night at Stoke Park with @missestanley #bonfirenight #fireworks #stokeparkâ€¦ https://t.co/iDIPOdaVvE
139.0,Fireworks in Guildford last night were awesome. #fireworks #bonfirenight #nighttime #purple @ Stokeâ€¦ https://t.co/TvGoWq6VmA
454.0,I love fireworks! #bonfirenight #fireworks #londonlife #night #event #smileyface @ Victoria Park https://t.co/Nz2afX6BrX
663.0,Lush night #AllyPally #Fireworks #LazerShow âœ¨âœ¨âœ¨ @ Fireworks Festival Alexandra Palace https://t.co/lTmrCiQu2Q
854.0,Bonfire Night Battersea Fireworks with the girls! ğŸ’¥ğŸ‰ğŸŠ #london #Battersea #fireworks #2015 #bonfireâ€¦ https://t.co/ikdJouPLu7
522.0,Amazing night watching the fireworks at Ally Pally @ Fireworks Festival Alexandra Palace https://t.co/c8cSvhvSaY
469.0,Hms sultan fireworks. Early this year but remember remember the 5th November #fireworks #bonfirenightâ€¦ https://t.co/9M0cqFMVY3
34.0,Light Sabres at the fireworks tonight thanks to Uncle Mark #priorypark #fireworks #christmas2015â€¦ https://t.co/g8jtamUqYg
120.0,Watching these insane fireworks whilst looking over the whole of London. ğŸ’–ğŸ‡ğŸ‚ @ Fireworks Festivalâ€¦ https://t.co/t5D0mlSPlz
695.0,Fireworks in Bishops Park with vospie @tessav4 #fireworks #fulham #bonfirenight #photographer #purpleâ€¦ https://t.co/7FUx819sIW
176.0,Victoria park fireworks #bonfirenight #fireworks #london #victoriapark #towerhamlets @ Victoria Park https://t.co/OSpVeb0sCX
749.0,Uncle Sam and Nina watching the fireworks ğŸ†ğŸ™Œ #allypally #bonfirenight #fireworks #family @ Alexandraâ€¦ https://t.co/Bc4jT3zjY9
274.0,Fireworks with a Doctor Who soundtrack! Loved it. ğŸ† #fireworks #doctorwho @ The Hop Farm Family Park https://t.co/PUpbQ57jKC
248.0,Incredible fireworks at ally pally overlooking the city!  #fireworks #guyfawkes #london #cityâ€¦ https://t.co/Iv3kzxCGsI
545.0,One of the many pretty fireworks e.sk chloeashleylewis illicit.nirvana ğŸ˜ğŸ’ğŸ’•ğŸ‘» #halloween #fireworksâ€¦ https://t.co/xzvHq7PbCn
152.0,#awesome #fireworks #sky #guyfawkes #alexandrapalace #instagood @ Fireworks Festival Alexandra Palace https://t.co/ceIRiiBPrX
26.0,FIREWORKS #regram hallysandlittleh #love #fireworks #bonfirenight #guyfawkes #love #happy #smileâ€¦ https://t.co/MAJn8OWhWI
784.0,On my big brother balcony watching some off London letting off fireworks #fireworks #london @ Skyâ€¦ https://t.co/bdqGpsiZq7
657.0,Check Our Fireworks #fireworks #wtf #bang #diehard #brucewillis #action #londonfields @ Londonâ€¦ https://t.co/pProdvDQtS
691.0,Best #Fireworks display EVER... absolutely incredible! @ Fireworks Festival Alexandra Palace https://t.co/sbykQCFcj2
675.0,Back at Tully's for fireworks #tullysfarm #fireworks @ Tulleys Shocktober Fest Scream Park https://t.co/oV0ePLuaA1
280.0,Booooooom âœ¨ love a good fireworks show! #bombfire #battersea #fireworks #weekendfub #london @â€¦ https://t.co/tY1xokJbxp
536.0,Last night's brilliant brilliant fireworks at Victoria Park. Happiness is #friends #fireworksâ€¦ https://t.co/wPGXQFSKbp
203.0,Leeds Castle after the fireworks ğŸ† #nofilter #leedscastle #fireworks #Kent #winter @ Leeds Castle â€¦ https://t.co/0HEoBiwnCd
235.0,Center Parcs fireworks 4/11/15 ğŸ†ğŸŒ²ğŸ’« #fireworks #centerparcs #elvedonforest #november #holiday @ Centreâ€¦ https://t.co/HLE8EOFsdb
379.0,'Fireworks Frenzy' is on tomorrow with bonfire  fireworks  stunts  monster trucks and more.  Visitâ€¦ https://t.co/2WOX9pE4n1
162.0,Divalli salÅ«ts divally fireworks #fireworks #divalyfe #fun @ London Hounslow West https://t.co/EEbdfvn0Js
348.0,Stunning display at Ally Pally tonight #fireworks #alexandrapalace #lasershow @ Fireworks Festivalâ€¦ https://t.co/wRYXyihb9I
481.0,Ka-boom #allypally #alexandrapalace #fireworks #guyfawkes #bang @ Fireworks Festival Alexandra Palace https://t.co/Lk6LYunWEg
101.0,Laser cutter fireworks #laser #lasercut #prototype #designdotgolds #design #maid15 #fireworks @â€¦ https://t.co/zMS0rm4c2M
693.0,Wimbledon fireworks #bonfire #bonfirenight #fire #wimbledonpark #london @ Wimbledon Park Fireworks https://t.co/0B21w025Fe
132.0,Blackheath Fireworks 2015 with Family followed by the Post-Fireworks drinks with LFR @ Blackheath Common https://t.co/JRHPEollW6
223.0,Genomic fireworks! #fireworks #instafireworks #bonfire #bonfirenight @ Welcome Trust Genome Campus https://t.co/IeC8VG8GFZ
237.0,Fireworks with a Doctor Who soundtrack! Loved it. #fireworks #doctorwho ğŸ† @ The Hop Farm Family Park https://t.co/QctTFd6W1N
554.0,Made it just in time to eat lots of food and see some of the fireworks ;)  #magic #fireworksâ€¦ https://t.co/TxVqwpZoOY
682.0,Just having a good time at Richmond Athletic Ground for fireworks ğŸ’™ #cutetimes #richmond #fireworksâ€¦ https://t.co/mHeMbsKN2D
376.0,Fireworks and Bonfire show overseeing the North Kensington area  #fireworks #video #bonfirenightâ€¦ https://t.co/rAH778nDKR
158.0,SGP fireworks seen through lovespecs! #secretgardenparty #sgp #fireworks #hearts #lovespecs #eyegasmâ€¦ https://t.co/PiJ9b2hC07
165.0,Sometimes it's great living in London. Great view of the fireworks. ğŸ˜ #london #paragon #fireworksâ€¦ https://t.co/GoOVLrbY7o
208.0,Sky fall Fireworks ğŸ‰ğŸ‰ #fireworks #leedscastle #skyfall #5thnovember #guyfawkes @ Leeds Castle https://t.co/IinxiuuDWf
119.0,Fireworks!!!!! Bonfire night 2015. F the work lol #oxford #southpark #cool #night #fireworks @ Southâ€¦ https://t.co/Os0OrOILq5
649.0,Fireworks in Battersea Park from Albert bridge. #London #fireworks #bonfire #night @ Albert Bridge â€¦ https://t.co/CDrmNHem6Z
435.0,The Grand Finale ğŸ†ğŸ‡ #fireworks #Kempton #beautiful #love @ Kempton Park Racecourse Fireworks Night https://t.co/dcJyCPseiJ
686.0,Fireworks night with this one ğŸ†ğŸ‡â¤â¤ #fireworks #november #cold #firework #boyfriend #boy #fifthâ€¦ https://t.co/3DSKPtVduf
296.0,Southwark Park fireworks last night were pretty awesome! #southwark #park #fireworks #fireworksnightâ€¦ https://t.co/B2FmxWvzCY
184.0,Dramatic slow mo fireworks last night.. All set to classic horror themes! #fulham #fireworks @â€¦ https://t.co/gvsudqTfgc
200.0,Bier hall with abit of rock then onto fireworks #allypally @ Fireworks Festival Alexandra Palace https://t.co/Uiom0DholU
342.0,Diwali Fireworks 68 - 3 gays and a blur #Friday #smiles #diwali #love #fireworks #sparklers #weekendâ€¦ https://t.co/l2p74CksEK
303.0,@TinfoilTricorn also calcium carbonate is one of the main ingredients of fireworks. MOTHERFUCKIN' BOOTLEG FIREWORKS.
510.0,What could be better than Mama Mia? Add fireworks. One happy girl. #Mamamia #Abba with #fireworksâ€¦ https://t.co/3mf7ygSRZt
32.0,The New Fireworks print wet and freshly printed ! #cressidabell #fireworks #artdeco @ Cressida Bellâ€¦ https://t.co/bGEwPpVj2G
47.0,Bit of fireworks fun at work. #bonfire #bonfirenight #fireworks #firework @ London  United Kingdom https://t.co/LAfQ0bLe5b
65.0,think these heart shaped fireworks sum up my feelings of the past weekend nicely #fireworks #bestivalâ€¦ https://t.co/iyqq2VfdOg
744.0,Fun times at Wimbledon Park Fireworks! Happy 5th November everyone! #fireworks #london @ Wimbledonâ€¦ https://t.co/q3T496DkDQ
308.0,Fireworks in Victoria Park  London.   #fireworks #November #winter #love #London @ Victoria Park https://t.co/tYcw7t8NXP
226.0,Lastnight - with a typical fireworks pic ğŸ’¥ğŸ™„ğŸ˜½â¤ï¸ #greatnight #boom @ Kempton Park Racecourse Fireworksâ€¦ https://t.co/GtPYpKG8cG
334.0,Smiling is the way the soul says hello.  ğŸ˜†ğŸ˜†ğŸ˜† fantastic fireworks in guildford yesterday #fireworksâ€¦ https://t.co/JZVrX8zhDG
124.0,Great spot to watch fireworks #putney #london #fireworks #lifestyle @ Leaders Gardens Putney https://t.co/uUvOxhnE9u
950.0,Well he loves fireworks and also poop? We love them even more! Sat 7th Nov 8pm #fireworks #brixtonâ€¦ https://t.co/JA1qEL23z5
897.0,Enjoying the view from my toilet today ğŸ˜œğŸ’©ğŸ† #fireworks #allypally @ Fireworks Festival Alexandra Palace https://t.co/Rd9vVyLnGH
716.0,Jaan and his dad walk home after fireworks at Battersea Park #fireworks #battersea trains #Londonâ€¦ https://t.co/h0FVs2Il6s
511.0,Great Fireworks at great prices! 1 day till firework night! Get down and get your fireworks  loads ofâ€¦ https://t.co/1sHKGWNWl9
280.0,Magnificient Fireworks Night at Alexandra Palace ğŸ†ğŸ†ğŸ† Musical Fireworks and a super funny German Beerâ€¦ https://t.co/8qqSxaBLJ0
26.0,Lecente Fireworks Collection NOW Available #lecente #fireworks #spark #flame @ Jenny Harris Nailâ€¦ https://t.co/3DIyg4B5lM
235.0,Part way through loading #Khloe with tonight's gear. #Pyro #Racks #Fireworks @ Aurora Fireworks Ltd https://t.co/b206yXSi4j
576.0,CND Shellac Indigo Frock and BRAND NEW LECENTE FIREWORKS GLITTER #cndshellac #fireworks #spark #popâ€¦ https://t.co/QXZAXDO7Mr
754.0,Why are there fireworks?
273.0,#eynsford fireworks https://t.co/dy8yECsuQZ
709.0,I LOVE FIREWORKS
51.0,Waiting for fireworks ğŸ˜€ğŸ†
745.0,On the A12  #fireworks @ HaroldWoodfireworkshop https://t.co/DspG0gzMm0
44.0,Fireworks education!
583.0,I â¤ï¸ fireworks ğŸ‚âœ¨â˜„ğŸ‰ğŸŠğŸ‡ğŸ†ğŸŒ ğŸŒŒ
950.0,fireworks are so colourful âœ¨
180.0,#fireworks ğŸ† @ Kingsmeadow https://t.co/IN6xRqlj4W
20.0,â¤ï¸ Fireworks by Embrace  https://t.co/4iYeXdPzp7
196.0,#Fireworks @sunshinegardcen https://t.co/bLFrHtkPJb
169.0,@Ardensuk Fireworks
421.0,Fireworks tonight ğŸ†
602.0,Fireworks ğŸ† @ Blackheath Common https://t.co/Fg3DHn1qMT
231.0,#nofilter @ St Albans Fireworks https://t.co/RreEnLTvyE
164.0,Fireworks at this time!? Really?? ğŸ˜
510.0,Fireworks @ Victoria Park https://t.co/IgD04fWpCs
541.0,#fireworks @ Kingsmeadow Stadium https://t.co/pevNKBXB15
288.0,ğŸ† @ Battersea Park Fireworks https://t.co/9G8w7Bw1Wn
86.0,Fireworks display at college ğŸ‰ https://t.co/PhGIG7OYFA
795.0,Magic Blackheath Fireworks https://t.co/ypV3e6cBxV
26.0,Fireworks! @ Blackheath Common https://t.co/fAKaH7QQEg
243.0,Fireworks tonight!! *squeals*
251.0,Fireworks!ğŸ’¥ @ Yarmouth Stadium https://t.co/JlNinhOesv
62.0,#fireworks #tooting @ Tooting https://t.co/StN6ii9l8g
795.0,Fireworks! ğŸ’¥ğŸ’¥ @ Guildford RFC https://t.co/zo4NbVcc7p
374.0,Fireworks ğŸ’¥ğŸ’¥ @ Woldingham School https://t.co/gZa2IByytv
786.0,ğŸ†ğŸ†ğŸ† @ Epsom Fireworks https://t.co/eXtEX0jCJA
373.0,#Fireworks @ Roundwood Park https://t.co/C2thn3IW3m
269.0,@westdeancollege fireworks http://t.co/kJSJb7nOKm
471.0,Christmas fireworks @ Woking https://t.co/Z3uaz0FgEH
739.0,ğŸ”¥ @ Littlehampton Bonfiire & Fireworks https://t.co/jOPlmfD7KW
461.0,We â¤ï¸ #fireworks @ Danson Park https://t.co/o3PejtUeVw
766.0,#fireworks @ Felstead Gardens https://t.co/7305tuUjNh
292.0,Fireworks @ St Pauls  London https://t.co/J4lHcjyQqu
344.0,#Fireworks @ Blackheath Common https://t.co/jecEI6agQ9
829.0,Fireworks @ Wimbledon Park https://t.co/PT4G5M9ClD
105.0,#fireworks @ Coram's Fields https://t.co/WS6MI9WObe
771.0,#fireworks @ Victoria Park https://t.co/gIFCW7rDeC
805.0,Fireworks ğŸ† @ Battersea Park https://t.co/1OuKgBcK1n
336.0,#fireworks @ Hampstead Heath NW11 https://t.co/7cBRPRTPaG
486.0,Bonfire & Fireworks ğŸ”¥ğŸ’¥ @ Smarden https://t.co/loknH6EisH
160.0,Fireworks! @ Barking Park https://t.co/7Dv4rjMZKx
249.0,2015 Fireworks ğŸ’« @ Chislehurst Rec https://t.co/36gN8jQqDB
170.0,#fireworks @ Blackheath Common https://t.co/LIy99IIAfJ
649.0,Fireworks @ Greenwich Pier https://t.co/QS7Wkp34zD
185.0,Watching the fireworks ğŸ’« @ Oblix https://t.co/4prxm3whLE
371.0,#Fireworks @ Blackheath  London https://t.co/Z2vumQwkjA
368.0,Time for fireworks? #COYS! https://t.co/OnU0P3SsbR
116.0,#bonfirenight @ Winchester Fireworks https://t.co/tBfmgsfeVQ
176.0,ğŸ† @ LBL Blackheath Fireworks https://t.co/0NjuVmivKZ
242.0,This is about to go down! #fireworks @ Potters Bar https://t.co/6R16E41XPb
257.0,Who's enjoyed the fireworks tonight? https://t.co/3oaDKm4Zfd
450.0,#fireworks @ Southwark Park https://t.co/JOaJJl4DkT
628.0,ğŸ’¥ğŸ‰ğŸ˜˜ @ Upchurch Fireworks https://t.co/FcmWn8zCyA
277.0,ğŸ† ğŸ† @ Wimbledon Park Fireworks https://t.co/DdYCLFZwSN
246.0,Fireworks!ğŸ’¥ @ Yarmouth Stadium https://t.co/iCrYNTaVKj
297.0,Preparing for #fireworks @ Bianco 43 https://t.co/hem4DIpWL3
513.0,these two â£â£ @ London Fireworks https://t.co/qrDMsCAyZN
134.0,Second night of fireworks begin ğŸ†ğŸ˜‡
834.0,Great night #fireworks #onlyatfullers https://t.co/QIQQ8eudH7
55.0,Fireworks night âœ¨ @ Abridge Fair https://t.co/29c77rTNVu
238.0,Fireworks night ğŸ†ğŸ’– @ Blackheath  London https://t.co/ossSDFJG66
463.0,Blackheath fireworks ğŸ†ğŸ˜ @ Blackheath Common https://t.co/7J5T62lgic
241.0,#batterseaparkfireworks2015 @ Battersea Park Fireworks https://t.co/4j6agc4xKk
258.0,Battersea Fireworks @ Battersea Park https://t.co/bZ3h7R8n5v
433.0,London fireworks 2015 @ Victoria Park https://t.co/07Cg7Drbya
730.0,Slo-mo fireworks @ Alexandra Palace https://t.co/JbkH0kuzRc
375.0,Fireworks & â™¥ï¸â™¥ï¸'s @ Victoria Park https://t.co/YbtEU81yUe
920.0,2015 fireworks Battersea you brought it #batterseaparkfireworksâ€¦ https://t.co/WSVzoO8NuI
211.0,Cuties at the fireworks ğŸ’¥ @ Chailey Common https://t.co/913mFSEoaA
687.0,Fireworks at Blackheath @ Blackheath Common https://t.co/JR1SuIYNKo
642.0,ğŸ‡¬ğŸ‡§ #leedscastle #fireworks @ Leeds Castle https://t.co/04jNcS9Y6q
828.0,Fireworks #batterseafireworks2015 @ Battersea Park https://t.co/tQQ0D3da2X
154.0,âœ¨ @ Fireworks Festival Alexandra Palace https://t.co/2eY6Rci8IK
150.0,#bangerz ğŸ’¥ @ Battersea Park Fireworks https://t.co/TOYbLtEr4M
631.0,ğŸ’¥ğŸ’¥ @ Fireworks Festival Alexandra Palace https://t.co/3I7mOl8bdc
2.0,I LOVE FIREWORKS @ Battersea Park https://t.co/VxHilPUJDZ
198.0,ğŸ˜ğŸ˜ @ Fireworks Festival Alexandra Palace https://t.co/k4rpg069HP
601.0,Fireworks âœŒğŸ¼ï¸ @ The Ageas Bowl https://t.co/3QrTnPxYhY
579.0,#blackheath #fireworks @ Blackheath  London https://t.co/gVqjTYtBBm
616.0,ğŸ’¥ğŸ’¥ğŸ‘ŒğŸ» @ LBL Blackheath Fireworks https://t.co/Nr8jBqETJy
179.0,#fireworks and #stars @ Blackheath Common https://t.co/e2sCXsSdrJ
178.0,Fireworks! ğŸ’¥ @ Horsham Rugby Club https://t.co/HCSsF9BB6K
694.0,#leedscastle #fireworks @ Leeds Castle https://t.co/4hfH4JIdrH
726.0,ğŸ† #razzledazzle #nightsky #fireworks @ Deptford https://t.co/PhRVkTmQ1c
783.0,#blackheath fireworks @ Blackheath  London https://t.co/38LtmeMMMU
255.0,Fireworks #batterseafireworks2015 @ Battersea Park https://t.co/tQQ0D3da2X
717.0,#FireWorks Baybay!!! ğŸ‘ŒğŸ» @ Blackheath Common https://t.co/AaQN0WhH6n
819.0,#FIREWORKS! #wizz #bangs @ Whyteleafe https://t.co/azxf5FoTzh
641.0,Having a drink ğŸ» waiting for the fireworks @ Steveadores https://t.co/BQ3PzCZpb6
42.0,Teddington Fireworks âœ¨ @ Anglers  Teddington https://t.co/j5IOTO4ms2
162.0,#fireworks and #stars @ Blackheath Common https://t.co/JMgOzqbv8Y
327.0,Fireworks! @ Cleveland Square Gardens https://t.co/TLLpo072Fl
653.0,#leedscastle #fireworks @ Leeds Castle https://t.co/ONW8P9FGJ7
545.0,Hope you're all enjoying the fireworks as much as we are!
24.0,Sparks ğŸŒŸ @ LBL Blackheath Fireworks https://t.co/rQo1JX1l91
106.0,#bangerz ğŸ’¥ @ Battersea Park Fireworks https://t.co/QkphR5ZR88
710.0,ğŸŒŒ @ Fireworks Festival Alexandra Palace https://t.co/TaWR1w42WA
79.0,The pets are locked in #fireworks They are scared.
161.0,#London #fireworks @ The Cutty Sark https://t.co/dXWpTb5PAG
428.0,BOOM. #Fireworks @ Admirals Park https://t.co/Jj5s4Rs0e3
137.0,ğŸ†ğŸ™ƒğŸ’— @ Battersea Park Fireworks https://t.co/eRFiosQZZ1
390.0,Best fireworks @ Victoria Park https://t.co/CxSFw0Dn5v
394.0,#fireworks #cassiobury @ Cassiobury Park https://t.co/yBF6dacBOo
401.0,Me and my beauts ğŸ˜˜ğŸ˜˜ @ Barking Park Fireworks https://t.co/MbnfkVYIu4
563.0,#fireworks @ Bridge Tavern  London SE20 https://t.co/Ga6pGYYUQz
91.0,#fireworks #leedscastle @ Leeds Castle https://t.co/pWMwAPox3x
37.0,Ripley Ramble @ Ripley Fireworks https://t.co/haIrsLr1Zk
369.0,ğŸ†ğŸ’–ğŸ‡ @ LBL Blackheath Fireworks https://t.co/cmB2TYWQpk
711.0,ğŸ˜ğŸ‡ @ Fireworks Festival Alexandra Palace https://t.co/kZ5DpQve0M
197.0,Fireworks @ Blackheath @ Blackheath Common https://t.co/gPK8rCD688
323.0,#fireworks #london @ Hampstead Heath NW11 https://t.co/2nRG0XXAEg
383.0,Ma girls! #friends #fireworks @ Hedgerley https://t.co/brwCFlhIyP
710.0,Blackheath fireworks ğŸ’¥ @ Blackheath Common https://t.co/KeN6KnrxsI
502.0,#fireworks :-D @ Duke's Head Putney https://t.co/ikRI1bNvJQ
664.0,ğŸ”ğŸ”ğŸ˜„ @ Victoria Park for fireworks https://t.co/ctMiyCVWq4
667.0,Abstract fireworks @ Beckenham Rec https://t.co/vLEbXvPhMO
713.0,G Force â¤ï¸ @ Cassiobury Park Fireworks https://t.co/aLD9dAIYpA
754.0,ğŸ‡ @ Fireworks Festival Alexandra Palace https://t.co/NcxqLqpQKl
78.0,#BatterseaParkFireworks ğŸ”¥ğŸ’¥ @ Battersea Park Fireworks https://t.co/LSbIWhmOWq
797.0,Firework nightğŸ† @ Barnes Fireworks https://t.co/B6Qjl5HSgb
591.0,ğŸ’¥ğŸ˜ @ Fireworks Festival Alexandra Palace https://t.co/dGLPsbEOJM
565.0,fireworks nightğŸ’ @ Battersea Park https://t.co/LbLEtRBvYR
237.0,Don't forgot Fireworks for Halloween! ğŸ‘» @ HaroldWoodfireworkshop https://t.co/hg6xleli4I
162.0,Instead of fireworks... Imagine Dragons at The O2! @ The O2 https://t.co/U4v7yIlrUp
378.0,ğŸ’™ğŸ˜ â˜º ğŸ˜Š ğŸµ ğŸ¶ ğŸ¤ ğŸ§ ğŸ¼ ğŸ“· ğŸ˜ ğŸŒŸ ğŸ‡ğŸ† Watching Fireworks from my Bedroom Windowâ€¦ https://t.co/XBmPEObRmV
444.0,ğŸ’™ğŸ˜ â˜º ğŸ˜Š ğŸµ ğŸ¶ ğŸ¤ ğŸ§ ğŸ¼ ğŸ“· ğŸ˜ ğŸŒŸ ğŸ‡ğŸ† watching fireworks from my Bedroom Windowâ€¦ https://t.co/C7r2RlUpzB
486.0,ğŸ’™ ğŸ˜ â˜º ğŸ˜Š ğŸµ ğŸ¶ ğŸ¤ ğŸ§ ğŸ¼ ğŸ“· ğŸ˜ ğŸŒŸ ğŸ‡ğŸ† watching fireworks from my Bedroom Windowâ€¦ https://t.co/LkeAo9opsd
157.0,#fireworks #bonfire ğŸ”¥ @ Finsbury Park https://t.co/s6G9BwM5Jn
816.0,#fireworks @ Ealing Cricket Club https://t.co/1EvmZaFmNY
856.0,#fireworks #bushey @ Bushey Watford https://t.co/F0goRwMpoC
601.0,More happy customers #fireworks @ HaroldWoodfireworkshop https://t.co/GSTnWeg1Rz
590.0,BONFIRE! ğŸ”¥ğŸ’¥ @ Battersea Park Fireworks https://t.co/5ldydkwjHR
577.0,Winchester fireworks! (@ River Park) https://t.co/YZVUJXNHTK
911.0,#batterseaparkfireworks @ Battersea Park Fireworks https://t.co/QvS4e51tmJ
172.0,Fireworks.... @ Crystal Palace Park. https://t.co/FQtVS4AAcz
531.0,#bangerz ğŸ’¥ @ Battersea Park Fireworks https://t.co/i8ATy430yd
409.0,Fireworks over London @ Alexandra Palace https://t.co/yQqm9iUoGj
265.0,Fireworks #grandpierweston @ The Grand Pier https://t.co/H3Zn5SV2HL
838.0,ğŸ† #fireworks @ Highwoods Country Park https://t.co/CjZsXe5BYF
404.0,Mossters at the fireworks! @ Marsh Farm https://t.co/egasYN1qNd
102.0,FIREWORKS! @ The Notleys Golf Club https://t.co/sWuUPK5CC3
210.0,Hurlingham Fireworks @ The Hurlingham Club https://t.co/faAlcoFiKV
68.0,My fave âœ¨ğŸ’¥ğŸ† @ Blackheath Fireworks https://t.co/HB8QyeATFn
184.0,My crew at the fireworks âœ¨ @ Battersea  Park https://t.co/ejfOwYT73S
731.0,ğŸ˜»ğŸ”¥ @ Fireworks Festival Alexandra Palace https://t.co/TLrxyfdTQG
740.0,#fireworks @diszegidalma âœ¨ğŸ’« @ Battersea Park https://t.co/3R0KfIlzBW
536.0,ğŸ”¥ğŸ”¥ #happyhalloween ğŸ’€ğŸ’€ @ Littlehampton Bonfiire & Fireworks https://t.co/d9ioQzSd5H
373.0,#fireworks #seans50th #familytime @ Eltham https://t.co/eH5p1yVbZN
218.0,ğŸ†ğŸ‡ğŸ’¥ğŸ‰ğŸŒŸğŸŒš @ Abridge Fireworks Display https://t.co/yN7fYRjzjl
508.0,ğŸ’™ ğŸ˜ â˜º ğŸ˜Š ğŸµ ğŸ¶ ğŸ¤ ğŸ§ ğŸ¼ ğŸ“· ğŸ˜ ğŸŒŸ ğŸ‡ğŸ† watching fireworks from my Bedroom Windowâ€¦ https://t.co/EzMKlW3GsN
74.0,Fireworks are pretty ğŸ‡ğŸ‡ @ Battersea Park https://t.co/jh2ykLAl43
267.0,#blackheath #fireworks âœ¨ @ Blackheath  London https://t.co/SGkfgt7acq
190.0,Please no more.Change the record#AllyPally fireworks. https://t.co/pR37TLMf91
405.0,Fireworks ğŸ˜ğŸ’¥ğŸ†ğŸ‰ @ Sevenoaks School https://t.co/EBfonSleP6
422.0,Blackheath fireworks ^-^ @ Blackheath  London https://t.co/VhhNa80Ydc
217.0,#batterseaparkfireworks2015 @ Battersea Park Fireworks https://t.co/6iVtwZm2Wr
470.0,#fireworks at #crystalpalacepark @ The Crystal Palace https://t.co/71v8ZfUBu3
128.0,A firework @ Battersea Park Fireworks https://t.co/Akduim3gbd
595.0,#bonfirenight #fireworks @ Lighthouse Inn https://t.co/dnVgtQdnNY
501.0,#bonfirenight #fireworks @ Lighthouse Inn https://t.co/53pkaYU6IU
487.0,#fireworks #bonfirenight @ Lighthouse Inn https://t.co/NpYg5OTThy
442.0,#fireworks #bonfirenight @ Lighthouse Inn https://t.co/4cDwdZa5Yz
327.0,Fireworks @ St Martin's Infant School https://t.co/VhKFGRxWSH
267.0,#fireworks #woo ğŸ‡ @ Blackheath  London https://t.co/isYGWGiE83
94.0,#fireworks over #bishopspark @ Bishops Park https://t.co/CvRf1MJApH
427.0,#batterseaparkfireworks2015 @ Battersea Park Fireworks https://t.co/k5CzFLeYFx
23.0,#southwarkfireworks @ Southwark Park Fireworks https://t.co/657NS6fUEc
672.0,ğŸ’¥ fireworks #guyfawkes @ Kings Langley https://t.co/FZPBQVeFqV
277.0,#ducks #fireworks #quackers @ LukeJacob https://t.co/hXoB3H1OK7
2.0,Fireworks @ Underhill Junior School https://t.co/yYT1olxIs9
153.0,#2015 #fireworks #beautiful @ Farringtons School https://t.co/KG5mT5AtSx
531.0,#fireworks #Ravenscourtpark @ Ravenscourt Park https://t.co/j33unj8tqI
545.0,Fireworks #batterseafireworks2015 @ Battersea Park https://t.co/7S7vX3QWJW
553.0,Boom!   #winchbonfire @ Winchester Fireworks https://t.co/4p4yc6RbRB
570.0,Fireworks with both my boys ğŸ’™ @ The Brentham Club https://t.co/sfRcTGKSSS
799.0,bonfire and fireworks ğŸ’« @ Battersea Park https://t.co/1PH56v0E1j
591.0,#amazing #battersea #fireworks #rememberremeberthe5thofnovemberâ€¦ https://t.co/uKmwidTalV
80.0,Friday Fireworks @ Coram's Fields https://t.co/yYbgwlPqFC
19.0,#southwarkfireworks @ Southwark Park Fireworks https://t.co/NOTYXa8akt
341.0,ğŸ‰ğŸŠ #fireworks #bonfirenight @ Blackheath Common https://t.co/00iGpG8GIf
214.0,#fireworks #celebration @ Blackheath  London https://t.co/RRRVjexwaV
30.0,#southwarkfireworks @ Southwark Park Fireworks https://t.co/ldyUdBrhPX
213.0,ğŸ”® @ Fireworks Festival Alexandra Palace https://t.co/yaf4Ui8DmK
225.0,ğŸ†ğŸ‡ #fireworks #november @ Carshalton Park https://t.co/St9yD00OGJ
518.0,@Royal_Greenwich fireworks are awesome http://t.co/jH8XsGda7f
542.0,ğŸ’¥ @ Fireworks Festival Alexandra Palace https://t.co/YzOLXHPfh6
595.0,The Fireworks @ New River Studios https://t.co/oYsp2WiRcz
256.0,#batterseapark #fireworks @ Battersea Park https://t.co/22xQe56LLX
5.0,#southwarkfireworks @ Southwark Park Fireworks https://t.co/cPoSyzVR46
300.0,Fireworks night! (@ Ewell Scout Hall) https://t.co/soEc1YJWKM
755.0,Bangin night at the fireworks. @ Ascot Racecourse https://t.co/7Bq6lwmDmW
207.0,Braintree fireworks night https://t.co/qyXVFgdKa3 #Maldon #Essex https://t.co/2IxEGCQaK7
665.0,fireworks from last night ğŸ† @ Cassiobury Park https://t.co/X6QcHO7zRo
890.0,Fireworks Night with Wifey X @ Chequers Sevenoaks https://t.co/RkEMVpUlHx
724.0,I could be there all night ğŸ‡ğŸ† @ Fireworks Festival Alexandra Palace https://t.co/Ox0OmpohI9
313.0,Who's letting off #fireworks in #bethnalgreen 10:30pm on a Sunday night?
192.0,Bonfire night @ Battersea Park Fireworks https://t.co/Nt8LyhRqjz
935.0,Third night of fireworks. Dog does not like it.
417.0,Fireworks night @ Wentworth Golf Club https://t.co/vwhWCJPqev
554.0,A grand night for fireworks @ Eynsford Castle https://t.co/3X2I3AJBXv
170.0,ğŸ’— @ Kempton Park Racecourse Fireworks Night https://t.co/32Vu1Y96ZK
462.0,âœ¨ !!!!! Fireworks night is my fav @ Roundwood Park https://t.co/SBIsrqAFkn
307.0,ğŸ† @ Kempton Park Racecourse Fireworks Night https://t.co/gXMT1ABelt
578.0,Fireworks night. #Groovy @ Byron Park https://t.co/EOWAt56WGW
272.0,Fireworks night. @ Blythe Hill Fields https://t.co/Hp2rcoAnu4
113.0,#fireworks in the #garden with #friends ... #flamey @ Bromley UK https://t.co/Fr1pwVrHcK
241.0,#batterseaparkfireworks #fireworks #london @ Battersea Park https://t.co/NGZxF1BkUj
344.0,#chucktaylor #fireworks @converse @ Swan Wharf https://t.co/6P3nIUofJz
603.0,#fireworks #tallships #tallshipsfestival @ Felstead Gardens https://t.co/7Xni2PVgNW
643.0,#cabbiesview #fireworks #funtimeswithfriends @ Alexander Palace https://t.co/X8Zk2W7Eh8
100.0,My insta feed is just full of fireworks
388.0,#blackheath #fireworks #nice @ Blackheath  London https://t.co/XbCRCEs7Yq
416.0,Let the fireworks begin #guyfalks @ Leytonstone https://t.co/RiLKs576YY
301.0,The fireworks were fun on Saturday @ Blackheath  London https://t.co/7dcfc0LOH4
455.0,Bang Bang #fireworks @ The Hurlingham Club https://t.co/69y2DU4EOs
207.0,ğŸ’¥ #bonfirenight @ Roundwood Park Fireworks Display https://t.co/20W5KTmASH
575.0,Ready for the fireworks! @ Crystal Palace Park. https://t.co/xA90ruu3s4
139.0,fireworks w/ @popsicle__queenğŸ’¥ @ Crystal Palace Park. https://t.co/gsGHT0c9GN
633.0,#fireworks #jerseyfarm #StAlbans #WalshDeBooRamsayAutumnFest @ Jerseyâ€¦ https://t.co/aJoVRNCJWW
57.0,#Fireworks #London #vscocam @ Blackheath Common https://t.co/DFci0VxCfA
724.0,Good #bonfire :) @ Wimbledon Park Fireworks https://t.co/4OE6x3CHAC
483.0,ğŸ‰ğŸ¾ğŸ’¥ğŸŒŒğŸ†ğŸŠ @ Epsom Fireworks Display & Funfair https://t.co/bTAwesONb8
264.0,#rwc2015final #fireworks @ Twickenham Rugby Staduim https://t.co/ugSt1FhODl
477.0,Pretty fireworks with charrlottepalfreyx ğŸ’¥âœ¨ğŸ’– #firstbonfirenighttogetherâ€¦ https://t.co/wqwUJiteQ2
476.0,There are no fireworks but plenty of sparklers. @ Blackhorse Workshop https://t.co/0CJXltbUfv
604.0,Girlies ğŸ˜˜ğŸ’– #fireworks #leedscastle @ Leeds Castle https://t.co/jTvPSriIsB
830.0,#fireworks #jerseyfarm #StAlbans #WalshDeBooRamsayAutumnFest @ Jerseyâ€¦ https://t.co/InxA3Cvofv
773.0,#bonfire # fireworks #london @ Blackheath  London https://t.co/mR1tZkpYEJ
383.0,Fireworks display in Wokingham @ Cantley Park https://t.co/HKpQp0nA6t
617.0,Fireworks!!!!!! ğŸ˜ğŸ˜ğŸ˜ğŸ˜ğŸ†ğŸ†ğŸ† @ Ruislip Rugby Club https://t.co/KHf7gyOMGN
575.0,Let the fireworks begin #guyfawkes @ Leytonstone https://t.co/afHpgkAbwu
570.0,bluehearts fireworks @ Blueharts Hockey Club https://t.co/VxV6Ndx37m
5.0,WHO THE FUCK STARTS A FIREWORKS DISPLAY AT 3 IN THE MORNING
486.0,Fireworks with music!! ğŸ‘ŒğŸ»ğŸ™ŒğŸ¼ğŸ™ŒğŸ¼ğŸ™ŒğŸ¼ #GuyFawkes #batterseaparkfireworksâ€¦ https://t.co/uJ2ilRHY9p
207.0,Watching fireworks on the hillâ˜ºï¸ğŸ’• @ Up the Top of the Hill https://t.co/NylfUMcj8y
604.0,#fireworks #tallships #tallshipsfestival @ Felstead Gardens https://t.co/woUQD3j4v8
497.0,Guy Fawkes fireworks ğŸ‰ @ Victoria Park https://t.co/Nsftf8Z41V
411.0,Shiny! @libertywilson @ Wimbledon Park Fireworks https://t.co/RmfDzLXpKz
40.0,#Kisses for my beautiful francesca_small! #Fireworks #KemptonParkâ€¦ https://t.co/6xi0LorFVK
493.0,Lovely scenes. @ Wimbledon Park Fireworks https://t.co/5EYkpWPQaP
449.0,ğŸ’«ğŸ’« johnson_stevie @ameejade @ Wimbledon Park Fireworks https://t.co/Il94pScxFk
607.0,#fireworks #tallships #tallshipsfestival @ Felstead Gardens https://t.co/rD5vpjhkW3
162.0,Watched the fireworks from my balcony ğŸ‰ @ Cannon Street https://t.co/oG0auoWskK
373.0,...the 7th(?) of November... @ Battersea Park Fireworks https://t.co/ecAvHgfWPH
720.0,Ascot fireworks init. @ Ascot Racecourse https://t.co/EuTTlePhcu
682.0,Who actually lets #fireworks off at 12.30 in the afternoon?!? Wankers
465.0,Fireworks at hotelchantellelondon @ Hotel Chantelle London https://t.co/s0J9x0gTpj
334.0,Pre #fireworks #selfie ğŸ‰ @ Leeds Castle https://t.co/8yoXaQNFpO
809.0,Victoria Park is set and ready for the fireworks. https://t.co/NhrXNeBpIL
308.0,ğŸ˜ â˜º ğŸ˜Š ğŸµ ğŸ¶ ğŸ¤ ğŸ§ ğŸ¼ ğŸ“· ğŸ˜ ğŸŒŸğŸ‡ğŸ† Watching  Fireworks from my Bedroom Windowâ€¦ https://t.co/AB0ahed25V
480.0,Fireworks @ #UKJets vs #UKFins @ Wembley Stadium https://t.co/6mV8S8wfpc
628.0,The Fireworks. Again. @ New River Studios https://t.co/vm3GqUgPF9
215.0,ğŸ’¥âœ¨ğŸ’«âš¡ï¸ @ Fireworks Festival Alexandra Palace https://t.co/YngwkeyzCE
67.0,Fireworks in LA tonight @ Littlehampton Sea Front https://t.co/UFpbah4rFa
281.0,Me and the wife @ Fireworks Festival Alexandra Palace https://t.co/XWDe9PRbV4
743.0,#fireworks #tallships #greenwich @ Felstead Gardens https://t.co/DgC8FmXcBj
0.0,More explosions in the sky @ Battersea Park Fireworks https://t.co/owxzMBTwK0
598.0,So much love for #guyfawkesnight #fireworks @ Tooting https://t.co/jjAGzXymoy
325.0,#Fireworks At Blackheath Tonight @ Blackheath Common https://t.co/2IDIWDsPSy
470.0,Fire ... burn!! @ Littlehampton Bonfiire & Fireworks https://t.co/KvDDOspzCT
565.0,#fireworks #bonfirenight #balloons @ Lighthouse Inn https://t.co/9qWm2Mq3DF
552.0,Now someone wants to let off fireworks
357.0,#blackheath #fireworks #greenwich @ Greenwich Park https://t.co/jbfUt3gQK9
129.0,#batterseaparkfireworks - was EPIC!!!! @ Battersea Park Fireworks https://t.co/zc68aHsnPd
226.0,#Fireworks #FarnhamFireworks #BonfireNight @ Farnham Park https://t.co/cgJgT9jMli
238.0,Fireworks! #Blackheath #Family @ Blackheath Common https://t.co/cbPXmhSeK1
319.0,#heart #love #bonfire #fireworks @ Newick https://t.co/TSG65dYUa8
170.0,#bonfire #fire #fireworks @ Battersea Park https://t.co/zruSvko0cm
159.0,#fireworks #London @ Parliament Hill  London https://t.co/tzLCDCk9Sg
377.0,ğŸ’¥ğŸ’¥ğŸ’¥ğŸ’¥#fireworknight #cassioburypark #fireworks @ Cassiobury Park https://t.co/2BqrzuCUX9
276.0,ğŸ’¥ğŸ’¥ğŸ’¥ @ Fireworks Festival Alexandra Palace https://t.co/ykb85ARsbX
146.0,Fireworks (@ South Park in Oxford  Oxfordshire) https://t.co/yYf510bGyI
289.0,ğŸ’¥ğŸ’¥ğŸ’¥ @ Fireworks Festival Alexandra Palace https://t.co/mGlqK8FLr6
550.0,#fireworks #london #canadawater @ Canada Water https://t.co/vHyJoFC89i
153.0,Fireworks! (@ St John The Baptist Church in Loughton) https://t.co/cXPysJojAW
445.0,Amazing fireworks at #BatterseaParkFireworks2015 @ Battersea Park https://t.co/VESO0yOc3U
721.0,#fireworks #sgp ğŸ’¥ @ Secret Garden Party https://t.co/FwVfUHpgLo
233.0,ğŸ’™ğŸ˜ â˜º ğŸ˜Š ğŸµ ğŸ¶ ğŸ¤ ğŸ§ ğŸ¼ ğŸ“· ğŸ˜ ğŸŒŸğŸ‡ğŸ† watching fireworks  from  Bedroom  windowâ€¦ https://t.co/W2jsMM98ZV
50.0,Victoria Park fireworks. @ Victoria Park https://t.co/EvsbUO7Qpt
32.0,My #Christmastree is like fireworks ğŸ˜± @ Colliers Wood https://t.co/k1DulhHSzF
625.0,#Fireworks pre Concert @ Morris Park https://t.co/FolqVIzfT7
128.0,Fireworks are pretty ğŸ‡ğŸ‡ #batterseaparkfireworks @ Battersea Park https://t.co/TrfGsZ4XW4
50.0,#happyfourth #london #fireworks @ Big Ben https://t.co/DEKQ66p41L
72.0,#Fireworks #slowmo @ Ridgeway Primary School https://t.co/Xk2O4LR4pO
641.0,End of the fireworks display ğŸ‡ğŸ† @ Victoria Park https://t.co/Aa6y1Btiey
795.0,fireworks and hot chocolate ğŸ‘­ @ Morden Park https://t.co/01vjLXzEJ5
244.0,#ChiswickPark Fireworks ğŸ’¥ @ Chiswick Business Park https://t.co/K3RjQdQrj6
255.0,Rings #glowsticks @ Verulamium Park Fireworks https://t.co/71jRuNscky
66.0,#Fireworks from le balcon hawkleberryfinn! @ 8 Hardwicks Square https://t.co/eWwZowgFbr
28.0,#Infatuated ğŸ»ğŸ» @ Fireworks Festival Alexandra Palace https://t.co/5xfDn1ebkX
667.0,This is what happens when we go to see local fireworks ğŸ˜‚ğŸ˜‚ #Nutterâ€¦ https://t.co/8FNztddBde
686.0,Firework or UFO? @ LBL Blackheath Fireworks https://t.co/EShi1JaW0M
133.0,Woking Fireworks @ Carter's Steam Fair https://t.co/FSm3JiW234
295.0,I â¤ï¸ London #Fireworks #Hampsteadheath @ Hampstead Heath https://t.co/LI5egz9B3T
297.0,#allypallyfireworks @ Fireworks Festival Alexandra Palace https://t.co/tLZMUbWO3a
123.0,#shootingstars @ Fireworks Ealing Cricket Club https://t.co/LBUe3jf46J
103.0,Southend on Sea Fireworks â¤ï¸ @ Southend Pier https://t.co/T9blKxzWrW
653.0,#Fireworks ğŸ’¥ğŸ’¥ğŸ’¥ @ Chiswick Business Park https://t.co/aoWrUcpWfO
342.0,And this wasn't even the finale. Phenomenal. #ğŸŒ  #âœ¨ #ğŸ† #ğŸ’« #ğŸ‡ #ğŸŒŸ #fireworks #chaseandstatusâ€¦ https://t.co/ZoPgcsm7d9
221.0,#Fireworks #nephew @ Ridgeway Primary School https://t.co/qkCJd2LikN
800.0,Victoria Park #fireworks @ Bow Quarter https://t.co/2ut0Fkc8Iy
510.0,Part 2 #fireworks #guyfawkesweekend @ Victoria Park E3 https://t.co/BYz7qkX47d
806.0,#fireworks Victoria Park @ Bow Quarter https://t.co/KeEldn3EAB
841.0,It's all sparkles and delight. #fireworks @ Alexandra Palace https://t.co/BHItHy1s9m
48.0,Incredible evening at the #SAS #fireworks @ SAS UK https://t.co/9vOh7nmBbk
276.0,Just posted a photo @ Carshalton Fireworks https://t.co/NbQlKN5ZSm
446.0,Cassiobury fireworks with my one and only ğŸ’™ğŸ† @ Cassiobury Park https://t.co/nhdq50zGnL
186.0,#fireworks @ Jersey Farm Woodland Park https://t.co/ZFegUMazAm
428.0,Fireworks with @hollyhoo @ Danbury Country Park https://t.co/N0WvxtfXLY
480.0,#fireworks display in #Blackheath @ Blackheath Common https://t.co/Dplz9vffCW
679.0,Fireworks in slow motion. Taken on theâ€¦ https://t.co/CoFGJxBZHW
834.0,Lazzzzzzzers @ Fireworks Festival Alexandra Palace https://t.co/Hr98PuyrHA
735.0,Fire Fire ğŸ’¥ğŸ”¥ @ Battersea Park Fireworks https://t.co/EV62Zc2GvS
368.0,Fireworks (@ Ruislip Rugby Club in Ruislip  uk) https://t.co/9VAl06u2fE
156.0,Baby  YOU are a firework... #fireworks #fireworkdisplay #victoriaparkâ€¦ https://t.co/t05h3t3hYq
354.0,RAF Halton fireworks ğŸ’¥ @ RAF Halton https://t.co/PEPzKOEDY5
280.0,Pictures: St Albans fireworks 2015 https://t.co/OTOsLl0OC7 #StAlbans #Harpenden
582.0,Lasers #80's @ Fireworks Festival Alexandra Palace https://t.co/BisH3m7ME6
56.0,@TeamTaraMay86 me and u babe fireworks wow xxxxx
234.0,ğŸ’¥ğŸ’¥ğŸ’¥ @ Fireworks Festival Alexandra Palace https://t.co/mmIV59Togu
773.0,#london #fireworks #bonfirenight @ Clissold Park https://t.co/ZMaYsCZIy7
784.0,#fireworks @ Central Park of Dartford  Kent UK https://t.co/4BMbLDN7jj
811.0,Purdy @ Fireworks Festival Alexandra Palace https://t.co/Q6IH8as23n
721.0,Amazing fireworks ascot ğŸ‰ @ Ascot Racecourse https://t.co/2BzSm5etmx
501.0,Fun at the fireworks! @ New Hall School https://t.co/U4hMnT6l5p
483.0,Fireworks!! #cheekyeldorado21hipflask @ Walker Cricket Ground https://t.co/g5Jh3qyl4k
495.0,Just posted a photo @ Winchester Fireworks https://t.co/khFz4P8Bh8
200.0,It's 1.30am and people are setting off fireworks.... Just why.....
165.0,@RoxannaAzimy This is how I feel when some idiot thinks fireworks are OK at 2am https://t.co/5Pq6ZLVW1j
720.0,Fab fireworks #LCFireworks @ Leeds Castle https://t.co/OtWZJJMg83
51.0,Cassiobury Park Fireworks from the studio!  @vibe1076 https://t.co/kv4TgGqdJs
558.0,Views @ Fireworks Festival Alexandra Palace https://t.co/Pa0pX7896e
880.0,Fireworks!! (@ Danbury Park in Danbury  Essex) https://t.co/pF13lrUBBR
701.0,#fireworks #fireworkshow #cantleyparkfireworks @ Cantley Park https://t.co/e3g0aeUHYh
682.0,Fireworks ğŸ† (@ Ruislip Rugby Club in Ruislip  uk) https://t.co/JvKJBPB8KP
14.0,#BigSmiles tonight with my girl francesca_small at the #fireworks atâ€¦ https://t.co/30erD7sSNw
470.0,Fireworks!!! (@ East Village London w/ @d_sanchezgrant) https://t.co/1XdOdPnvcH
446.0,All the fireworks for eugie84's birthday! @ Alexandra Palace https://t.co/EduhDovP6q
505.0,Closing ceremony fireworks #rwcfinal2015 @ Twickenham https://t.co/jA60ZqyvW7
461.0,Fireworks with the family (missing some of you) at Poynings with a preâ€¦ https://t.co/AJYsG4b1Sq
254.0,So are there fireworks in Vicky Park this year or not? Confused
402.0,Day 68/100 of #the100DayProject #100DaysofJapaneseLettering #hanabi #èŠ±ç«  are #fireworks and are atâ€¦ https://t.co/CH5OZIMw0g
731.0,Just posted a video @ Ampthill Fireworks https://t.co/y6b4TOpAq7
423.0,This is how we do. #fireworks #blackheath #greenwichlife âš“ï¸ @ Blackheath  London https://t.co/XxlmNZGKZM
612.0,Just posted a video @ Ampthill Fireworks https://t.co/ZQN4IRza9g
138.0,Bridge fireworks with arianna_melissa3 ğŸ†ğŸ† @ Bridge  Kent https://t.co/g9bFv7LLWa
186.0,#batterseaparkfireworks #bonfirenight @ Battersea Park Fireworks https://t.co/9I9rBjUh4B
217.0,Hot chocs & fireworks ğŸ˜»ğŸ† @ Kingsmeadow Stadium https://t.co/dNjhiRgAEn
797.0,#fireworks #guyfawkes #bonfire @ Grove RFC https://t.co/X3wee5qjw5
454.0,Fireworks with the family and besties ğŸ’¥ğŸ† @ Ascot Racecourse https://t.co/HsJH3Z55Lv
230.0,#excellent #fireworks @ Hampshire Collegiate School https://t.co/zWfu6Qnap2
276.0,#blackheathfireworks #Fireworks #blackheath @ Blackheath  London https://t.co/QtOF5xvLp9
70.0,#fireworks #blickling #nationaltrust @ Blickling Estate NT https://t.co/nRwtKW5qes
321.0,w/ Sarah  for the fireworks! (@ Belchamps Scout Centre) https://t.co/LAQoayflgP
711.0,#boom @ Fireworks Festival Alexandra Palace https://t.co/DhTK1ELsn5
623.0,Fireworks night! ğŸ†ğŸ† #sufireworks #fireworksnight @ University of Essex https://t.co/CZj5kCzOLU
619.0,Bonfire night @ Fireworks Festival Alexandra Palace https://t.co/jDriSCBUuQ
667.0,A night watching @seafretofficial & fireworks ğŸ†ğŸ¶ @ Shoreditch House https://t.co/hLAD9jEQFS
332.0,About last night... #fireworks @suppertub #London ğŸ† @ Bar 90 https://t.co/m699Mnn4Ms
672.0,Last night :)) #bonfire #fireworks @ Blackheath  London https://t.co/knUKAN9jCE
540.0,Happy GuyFawkes Night! #fireworks #completelylegal #streetparty @â€¦ https://t.co/x7Ba4ZJyfd
592.0,Still my favourite place for fireworks night ğŸ’¥ğŸ’¥ #alexandrapalaceâ€¦ https://t.co/5nD20i7STB
524.0,Views & fireworks last night ğŸ’« @ Battersea Park https://t.co/hFO0umAokR
182.0,Bonfire night ğŸŠğŸ‰ğŸ‡ğŸ† @ Battersea Park Fireworks https://t.co/Cbo72xpKPj
219.0,Night at the musical (fireworks) @ Richmond Rugby Club https://t.co/37XCvuq9EM
732.0,Fireworks night (@ Carshalton Park in Carshalton  Surrey) https://t.co/qbMFR4ZrM8
730.0,Last night: fireworks! ğŸ†ğŸ†ğŸ† @ Victoria Park https://t.co/Anod2OI9ht
50.0,âœ¨âœ¨âœ¨ @ Kempton Park Racecourse Fireworks Night https://t.co/91jljN5NTY
58.0,Fireworks!!! (@ Blackheath Common in Blackheath  Greater London) https://t.co/Y48kHMqkoG
561.0,#fireworks #girlsnight #saturdaynight #london #londoneye #gerkin @â€¦ https://t.co/qkzJ5SBerz
563.0,Woking Fireworks ExtravaganzağŸ‘ªâœ¨ @charlotte93122 @ Woking Park https://t.co/70bxkIspAv
602.0,Awesome fireworks this eve ğŸ’¥ @ Ashurst  West Sussex https://t.co/IbObfA7QBg
749.0,The big finale.. @ Fireworks Festival Alexandra Palace https://t.co/MKWx4bsBug
845.0,more excited than most kids here. #fireworks @ Victoria Park https://t.co/0FJR9cnzvj
562.0,#fireworks ğŸ’¥ğŸ’¥ğŸ’¥ğŸ’¥ @ Table & Tent Speciality Coffee https://t.co/1KnaTCkCni
555.0,Some backyard bday fireworks   P.S. Taken from my @wileyfox Storm @â€¦ https://t.co/Weu4ZNOMvr
381.0,ğŸ’¥ remember  remember #fireworks #blackheath @ Blackheath  London https://t.co/InFvDOx73p
375.0,Mulled wine and fireworks. @ Victoria Park  London https://t.co/EiFWjYkwtz
230.0,Not quite fireworks  but just as pretty âœ¨ @ The Water Poet https://t.co/8xKL6ENXSL
451.0,Yaaaay #fireworks  ğŸŒ ğŸ† @ Victory Park - East Village https://t.co/60tje6PunL
432.0,Advantages of being at the office late - your own view of the fireworks!  #fireworksnight @ Go Up https://t.co/qRhIir0RTq
804.0,2 day late fireworks session ğŸ†ğŸˆ @ Quex park https://t.co/BLLhYYWLc3
301.0,ğŸ’¥ğŸ’¥ Pretty average ğŸ˜‰ #Fireworks #BonfireNight @ Victoria Park https://t.co/AxZiIU15Wm
326.0,Brondby v Fc Kobenhavn Fireworks Get in Daniel Agger! https://t.co/V4iJ8EjACH
29.0,@southbanklondon @skylarkgallery @OxoTowerWharf @GabrielsWharf FIREWORKS CANCELLED
114.0,Ripley's fireworks were superb. #bonfirenight ğŸ”¥ @ Ripley Green https://t.co/hSsMgliO9m
647.0,After what's happened in Paris I wish people would fuck off with their fireworks
691.0,Fireworks @yourallypally #bonfirenight #beerfest #foreworks lizparkhouseâ€¦ https://t.co/82Xvh6Kq8j
41.0,#fireworks @ Crystal Palace National Sports Centre https://t.co/6yvOrm9dDZ
409.0,#fireworks #Chiswick #now @ Duke of York Chiswick https://t.co/DD3fgcGI8u
207.0,Fireworks chelseaual #impressive @ Chelsea College of Arts https://t.co/bat0NM4WV2
412.0,St Albans fireworks ğŸ† @ Verulamium Roman Town  St. Albans https://t.co/nWQFQ03tov
131.0,Don't forget your fireworks this year  only a few nights to go! #fireworknight #guyfawkesâ€¦ https://t.co/iXtQ3ew10L
612.0,Fireworks over (Hackney) Broadway. #nofilter @ Broadway Market https://t.co/8ACQknIaX0
633.0,Leeds castle #fireworks #guyfawkesnight @ Leeds Castle https://t.co/MvihGSvL5p
650.0,Leeds castle #fireworks #guyfawkesnight @ Leeds Castle https://t.co/Xb7sX2YgYF
596.0,#Vitoriaparkfireworks #eastlondon #lovelondon @ Victoria Park for fireworks https://t.co/2CGrucxpM6
40.0,Unearthly scene #fireworks #canon @ Daneshill School https://t.co/Q0xsYb8NwH
623.0,#Fireworks #london #magic @ London  United Kingdom https://t.co/WKo34H6ZwC
701.0,Fireworks make me happy ğŸ˜€ #friends #dirtydancing #sundayfundayâ€¦ https://t.co/dMkh2YYHOM
762.0,"""Gunpowder treason and plot!"" @ Battersea Park Fireworks https://t.co/kzOAXp0qua"
667.0,View of the fireworks from Railway Cottage. @ Railway Cottage https://t.co/1IUes3Yjik
413.0,#fireworks #fireworksnight #victoriapark #bonfirenight @ Victoria Park https://t.co/W5loL8nidY
778.0,#fireworks #viewfrommybalcony #savehaggerstonpool #savehaggerstonbaths #weathervane #lovehackney @â€¦ https://t.co/W9OiFKdFza
11.0,Ubiquitous fireworks shot. But weird watching them in 18 degrees but hoâ€¦ https://t.co/xAmUA8otum
117.0,Friday Fireworks screaming and children ğŸ˜‰ @ Coram's Fields https://t.co/tLHKXqUhIO
203.0,Fireworks âš¡ï¸ğŸ”¥ğŸ’¥ğŸ† @HarrietCurwood @madiecavillaxx @sarahcurwood curwooda @â€¦ https://t.co/BXjzzilaJI
69.0,#fireworks in Southgate #northlondon @ Walker Cricket Ground https://t.co/pO90wreWLS
688.0,#fireworks #guyforks #blackheath  #london @ Blackheath Common https://t.co/sk8rzhOSgp
623.0,Another year with Blackheath Fireworks ğŸŒŸ #GuyFawkesNight @danjdear @â€¦ https://t.co/ZmHmprjsRW
582.0,Tonight ğŸŒŒğŸ˜Š #fireworks @ Hoe Road Recreation Ground https://t.co/ioLA8F1Vmc
188.0,Fireworks from the comfort from your own home ğŸ‰ğŸ†ğŸ’¥ğŸ”¥ @ Kings Langleyâ€¦ https://t.co/bpwVYpG8aI
479.0,#TheSaturdayProject the fuse is lit for tonightâ€™s #fireworks @HippodromeKings https://t.co/wAXJZqU9Ie https://t.co/AkAUt27aJy
559.0,Bishop's Park fireworks were ğŸ‘ŒğŸ»ğŸ’¯ğŸ‡ğŸ†ğŸŒ  @ Bishops Bark https://t.co/8MfTdtnifC
427.0,Neighbours on fire! #fireworks @ Beckenham  Kent  England https://t.co/1DotpUNXTh
765.0,Lovely evening of #Fireworks   #BonfireNight #Beers&Burgers  #probablythebestphotoiveevertaken @â€¦ https://t.co/bxLTa00bOi
826.0,bang bang (into the sky) â€¼ï¸ğŸ†âœ¨ @ Epsom Fireworks https://t.co/bhB3Dsfzd4
855.0,Oh.ah. #batterseaparkfireworks #bangtastic @ Battersea Park Fireworks https://t.co/WWYkNgChz4
461.0,Brunel Fireworks 2015ğŸ† #magical #uni #brunelfireworks #bonfirenight @â€¦ https://t.co/xihTTaLjLI
226.0,Happy #BonfireNight ğŸ‰ğŸ† #guyfawkes #fireworks @ Victoria Park https://t.co/12CbLZ1Q9W
347.0,Such a good time tonight in Winchester @ Winchester Fireworks https://t.co/CC9ic7vhmL
427.0,#fireworks at Crystal Palace #London @ The Crystal Palace https://t.co/QgdDrettYm
14.0,The only thing better than the fireworks was the soundtrack ;) @ South Wimbledon https://t.co/3kmVs0dG8Q
136.0,More fireworks! #friendsgettogether #bonfirenight #gratitude @ Castellain Road https://t.co/gPRLFbm1IS
104.0,Bokeh explosions ğŸ†ğŸŠ #fireworks Â #guyfawkes @ Battersea Park https://t.co/7vEU8Zikrg
513.0,Brunel Fireworks 2015ğŸ† #magical #uni #bonfirenight #brunelfireworks @â€¦ https://t.co/bFl45FZjlk
871.0,Battersea fireworks. Boom town @ Batersea Patk https://t.co/Km1RQhumg4
579.0,I could watch this for days ğŸ’¥ @ Fireworks Festival Alexandra Palace https://t.co/LYYk4aVIvv
198.0,Even better than fireworks! @ Greenwich  London  England  UK https://t.co/tezZCh1QUq
930.0,Fireworks! #ooh #ahh #bonfirenight @ Victoria Park https://t.co/b7HZFAxOIM
844.0,Amazing display ğŸ†! #fireworks #fireworksnight #instafireworks #alexandraparkâ€¦ https://t.co/cTF4uieYx6
931.0,What a wonderful weekend #fireworks #boom @ Fingers Crossed https://t.co/KAXRFeGmAr
876.0,Was so lovely taking my boys to see the fireworks after a few months ofâ€¦ https://t.co/ANkTN6UDBn
415.0,Great evening at Battersea Fireworks show #BatterseaParkFireworks @â€¦ https://t.co/c1AbOrUFHG
260.0,Battersea sky bombs @ Battersea Park Fireworks https://t.co/5S8jBoSaob
247.0,Fireworks were INNcredible  creds to #towerhamlets #council forâ€¦ https://t.co/gB1CWdX55M
608.0,Excellent fireworks at the palace tonight! @ The Crystal Palace https://t.co/DbvUS6JbXh
60.0,Best fireworks I have ever seen ğŸ˜ğŸ’¥ @ Alexandra Palace https://t.co/yRkzVxyFpq
612.0,ğŸ’«ğŸ’¥ğŸ’¥ğŸ† #instafireworks @ Walkers Cricket Ground Fireworks https://t.co/ajWVyNKXkk
634.0,Alexandra Palace Fireworks Festival with @richardcgoodman ğŸ‘«âœ¨ğŸ†ğŸ’«ğŸ’› @â€¦ https://t.co/954qXw8eOm
717.0,Just posted a photo @ LBL Blackheath Fireworks https://t.co/eobpni2VFS
703.0,We didn't have fireworks but we had a #Dynamo #bonfirenight #magic @ Eventim Apollo https://t.co/Y3R4eUHQMD
640.0,Some amazing fireworks tonight ğŸ’¥ğŸ†ğŸ‡ğŸš€ #waroftheworlds #windsorâ€¦ https://t.co/jjRvvGe8fK
215.0,Fire + work = #fireworks @ Wimbledon Park  London https://t.co/K2GK7KwITG
311.0,The cat is not enjoying the fireworks party in my street tonight. ğŸ˜© https://t.co/wvsjynV8Ft
482.0,NYE Fireworks  from #PointHill  Greenwich ğŸ† @ Point Hill https://t.co/03paNQ0Ubq
374.0,Watching fireworks with the cast at the UK premiere of Hunger Gamesâ€¦ https://t.co/8M4xau910t
332.0,Just posted a photo @ Wimbledon Park Fireworks https://t.co/N94AtCrhqq
820.0,Enjoying the German Bier Festival!! #fireworks #alexanderpalaceâ€¦ https://t.co/v8mw84tWZV
77.0,Fireworks set to musicals ğŸ˜ (@ Richmond Athletic Ground) https://t.co/akp5NOxRI5
638.0,Closing soon  get down and get your fireworks! 07940980485 @ HaroldWoodfireworkshop https://t.co/qX1E66VZpU
652.0,Woking Fireworks @ Woking Town Centre Square https://t.co/FBKJUldaI0
107.0,Ally Pally ğŸ† @ Fireworks Festival Alexandra Palace https://t.co/tX4gh9GlP3
213.0,Lasers over London @ Fireworks Festival Alexandra Palace https://t.co/Jhp5oqnoJY
402.0,#bonfirenight #fireworks #londonlife #westlondon #christmaslights #countdowntochristmasâ€¦ https://t.co/yVehqvGaeb
392.0,Just posted a photo @ Battersea Park Fireworks https://t.co/SaJr3fXFhr
629.0,Our own private fireworks show ğŸ† @dj_billowes @ Imperial Warf https://t.co/7NtTfnzkd7
162.0,#fireworks #VictoriaPark #London #november @ Victoria Park https://t.co/GoU12idR5f
484.0,05.12.15 âœŒğŸ¼ï¸ğŸ’«ğŸ’¥ğŸŒ¸ #fireworks #london #5thnovember @ Hammersmith Bridge https://t.co/DamcK4qmcn
340.0,The man on the moon can't sleep because of all the fireworks going off.
413.0,Sparklers  fireworks and marshmallows #diy at home @ Fulham https://t.co/ogMtu331YG
531.0,#fireworks #enableleisure #battersea #wandsworth @ Battersea Park https://t.co/QyXtGeM6xm
115.0,#Blackheath #fireworks #blackheathfireworks #blackheathvillage #London #londonfireworksâ€¦ https://t.co/9Pwuimv86W
178.0,#bonfirenight #november5th #fireworks #willesden #funfair #girlsnightâ€¦ https://t.co/WbuBeeerpF
909.0,#allypallyfireworks #london #5thnovember #guyfawkes #fireworks @ Londonâ€¦ https://t.co/zk83ELJItC
624.0,Breathtaking #fireworks display at #Ascot @ Ascot Racecourse https://t.co/cUl7obNLPN
851.0,She can't wait for fireworks the kid ğŸ†ğŸ’«âœ¨â˜„ jonnyessex_ @leia1984â€¦ https://t.co/sEJMWjX4C4
297.0,05/11/2015 ğŸ”¥ğŸ’¥ #5thnovember #guyfawkesnight #bonfirenight #fireworksnight #fireworks @ Chieveleyâ€¦ https://t.co/ceXbm2RiFe
106.0,Fireworks by Drake is #nowplaying in Anytime Fitness Demo.
225.0,Good afternoon London ğŸ’¥ğŸ‡¬ğŸ‡§ @ Fireworks Den https://t.co/Q1ka67Pnit
18.0,#fireworks #worktime @ Mercedes-Benz World Brooklands https://t.co/dMfLD2tD2L
177.0,Great range of fountains for Diwali! #fireworks @ HaroldWoodfireworkshop https://t.co/nGFgX9TJ20
551.0,#ascotraceday fireworks display #nottooshabby @ Ascot Racecourse https://t.co/wO96MTdYIN
164.0,Bandit watching the fireworks! @ London  United Kingdom https://t.co/gelAlR7BMQ
880.0,#Fireworks ğŸ’¥ğŸ’¥ğŸ’¥ phil_boothroyd @ Chiswick Business Park https://t.co/lOZLKttfm4
137.0,#Blackheath #fireworks #blackheathfireworks #blackheathvillage #London #londonfireworksâ€¦ https://t.co/QymbbtjSUk
705.0,Wimbledon Fireworks. Mini donuts 4 for Â£3 @ Wimbledon Park https://t.co/x8BcixskPf
308.0,Communal fireworks are way better @ Alexandra Palace https://t.co/qfxrZv0VUF
314.0,that amazing fireworks finale again #november #blackheath #londonâ€¦ https://t.co/3c87nwZHcc
301.0,This girl ğŸ’— tretrunk #fireworks #woolyhat #crabbymccrab #wearesocute @â€¦ https://t.co/d5yWM9mj4w
606.0,Fireworks en Covent Garden. @ Covent Garden London https://t.co/gmyuJpwYq9
305.0,#fireworks #london #londonlife #bonfire @ Parsons Green https://t.co/xIoQ3VRZPi
246.0,Alexandra Palace âœ¨ @ Fireworks Festival Alexandra Palace https://t.co/WqzwipiWph
322.0,Fireworks! (@ Southwark Park in Bermondsey  Greater London) https://t.co/xF5TetZeLE
703.0,Fireworks ğŸ†ğŸ‡ (@ Ruislip Rugby Club in Ruislip  uk w/ @skbell1991) https://t.co/rHKHnJk1v7
212.0,Pretties #fireworks #hookarena @ Hook Road Arena https://t.co/VkKx4cGmut
65.0,No but really why did boys used to chase girls with fireworks
297.0,It's that time again and the show is here once again. It's going to be fireworks and you don't wantâ€¦ https://t.co/gfbMP0sH6p
206.0,#Bestival #Summeroflove #fireworks ğŸ’¥ğŸ†ğŸ’¥  bestival @ Bestival https://t.co/MjkKNaEMlS
453.0,Fireworks!! ğŸ† @ Woolston Manor Golf & Country Club https://t.co/Dbhjp5WAcC
12.0,Just posted a video @ LBL Blackheath Fireworks https://t.co/lxm0dpS043
209.0,Brentwood centre fireworks! 3.5 wanted a photo! Didn't let him @â€¦ https://t.co/Z9iwsdt7lt
423.0,My heartbeat having fun ğŸ’«ğŸŒŸğŸ’œ @ Wimbledon Park Fireworks https://t.co/OTG4R4YN4G
178.0,Soundtrack: Paradise - Coldplay @ Battersea Park Fireworks https://t.co/vbpIs9784W
341.0,Fireworks starting soon! ğŸ˜ #christmasiscoming @ Saint Albans https://t.co/jribCFYMZ6
428.0,biggest firework display in the UK gg @ Battersea Park Fireworks https://t.co/pif9X3aDvV
62.0,Clearly the best at capturing the fireworks ğŸ™„ğŸ™„ pluckedandstuff tcmunsâ€¦ https://t.co/2yzjW0hPby
852.0,Joining an angry mob in #Guildford #fireworks @ Guildford https://t.co/ssiMqPfku7
526.0,#batterseaparkfireworks #matedate nicolettenadimi @ Battersea Park Fireworks https://t.co/x6Ey2jj6DE
204.0,Fireworks fun ğŸ‰ğŸ’¥âœ¨ğŸ’« @ Henley On Thames Festival https://t.co/viEdx1Cq6U
29.0,#Fireworks! ğŸ†#bonfirenight #blackheath #keepitfree @ Blackheath  London https://t.co/LEMBlwpTOn
472.0,#fireworks #diwali @neasdentemple #av #jobdone @ Neasden BAPSâ€¦ https://t.co/DupWZmg4gA
289.0,@JessyBul Hi jess . The evening starts from 6pm with fireworks around 7.30pm
334.0,#bonfire #littlehampton #huge @ Littlehampton Bonfiire & Fireworks https://t.co/E95WUK1lo5
81.0,Like a universe ğŸ† #fireworks #theparkclub @ The Park Club https://t.co/iuTtMnDKxa
184.0,Fireworks #JesusGreen  #bonfirenight  #mariastroka @ Jesus Green https://t.co/kfV2ld2T2U
26.0,â›ªï¸ğŸ†ğŸ‚ #fireworks #bonfirenight #Blackheath @ Blackheath  London https://t.co/j7u8xgqtKJ
313.0,No Fireworks from the ECB as Draghi Plays It Cool https://t.co/DlakgmoaUT inewsphoto https://t.co/j9j03mf4cN
41.0,Fireworks #JesusGreen #bonfirenight  #mariastroka @ Jesus Green https://t.co/bDeh1Zx1qu
379.0,Lovely evening at Blackmore Fireworks! #sparklers #bonfirenight @â€¦ https://t.co/HrhtsHthWi
735.0,Amazing fireworks #fireworknight #essex #guyfawkes @ HaroldWoodfireworkshop https://t.co/ohSfbzepfW
99.0,Fireworks in front of the flat @ Altab Ali Park https://t.co/flXgpHnTYP
470.0,Battersea park #fireworks #london @ Battersea Park https://t.co/E9qmELFjxd
608.0,#barking #barkinganddagenham #barkingfireworks #barkingfireworksdisplay #barkingpark #fireworksâ€¦ https://t.co/nNzLeO8P1o
397.0,@bernieforkin @sp1305 have the fireworks been bad? Could she be hiding? Hope it works out x.
630.0,#fireworks #tallships #tallshipsfestival #greenwich @ Felstead Gardens https://t.co/k0pZOsOFjn
289.0,Obligatory fireworks shot #allypally @ Alexandra Palace https://t.co/ZZHZYObwFj
524.0,#AmorBoatParties #tallships #Fireworks @ Tower Millennium Pier https://t.co/v02m5JNclw
102.0,Fireworks Night  a.k.a Guy Fawkes Night â€¢ 7 Novemberâ€¦ https://t.co/YHiZ5kx4o4
176.0,Fireworks night 2015: 21 bonfire night displays in Essex https://t.co/oFm21lcT23 #Thurrock https://t.co/SjPOzqwShB
832.0,Firework night / bonfire night @ Battersea Park Fireworks https://t.co/szmcLcZgtG
326.0,Last night at the campus fireworks display with paigeğŸ†â¤ @ University ofâ€¦ https://t.co/MtMhC4XWkH
113.0,Bonfire Night fireworks 2015 ğŸ‡ ===== > return to Victoria Park ğŸ†â€¦ https://t.co/C5mIht5wn5
338.0,Happy fireworks night. Thanks #converse. @ Swan Wharf https://t.co/7pgCOhu10y
800.0,Bonfire night #batterseafireworks #nofilter #fireworks @ Battersea Park https://t.co/LWfbDEO7xY
410.0,Round-up: Fireworks and Bonfire Night events https://t.co/QhU2sJlB7Y #StAlbans #Harpenden https://t.co/QPsyZQ1JpO
223.0,Bonfire night #southwarkpark #southwarkfireworks @ Southwark Park Fireworks https://t.co/7FEjoDhoki
197.0,Fireworks night 2015 with my pink fairy ğŸ€ @ Lewes  East Sussex https://t.co/Q11KsDufTX
127.0,Bonfire Night fireworks celebration ğŸ’¥ #London @ Battersea Park https://t.co/961xh8p8fM
535.0,Hey! Its Bonfire night! No wonder!! More fireworks please.... ğŸ†ğŸ†ğŸ†ğŸ†ğŸ‡
39.0,#guysfawkes #fireworks #bonfire #night #uk #2015 @ Leith Hill Tower https://t.co/2ObPZWKYGo
238.0,Watching the fireworks over London last night at The Shard ğŸ‡ @ The Shardâ€¦ https://t.co/vBQcRNyeVA
229.0,Night on fire  #guyfawkes #bonfirenight #flares @ Fireworks Festivalâ€¦ https://t.co/Hqb08DhQi4
444.0,Bonfire night in Victoria Park. #fireworks @ Victoria Park https://t.co/LpEbUgaVVd
426.0,#happiness is #fireworks night with the boy~ #november #birthdaymonth #batterseaparkfireworksâ€¦ https://t.co/Kz6UTn1hTQ
270.0,Good night #fireworks #5thnovember #london  #livinginlondon @ Teddington https://t.co/fH7l5UhEaY
748.0,@DruggyBuilder fireworks night has GLT gone off with a bang???ğŸ˜ğŸ˜ğŸ˜
279.0,Fireworks with kids and fam last night. @ Battersea Park https://t.co/00UShzYuZ4
221.0,Bonfire night #fireworks #londondays #uk #victoriapark @ Victoria Park https://t.co/gmyLp3xsV4
32.0,Littlehampton Bonfire Night #fireworks #bonfire #littlehamptonbonfirenight #littlehamptonbonfire @â€¦ https://t.co/0Dl5a5Ml2X
730.0,#messages @rebloo fireworks night x @ Oxo Tower Restaurant https://t.co/gJJl647SFN
718.0,@rebloo fireworks night @oxo_tower @ Oxo Tower Restaurant https://t.co/QORq026Cjs
489.0,Fireworks! ğŸƒğŸ’¥ #littlehampton bonfire night @ Littlehampton Sea Front https://t.co/6ZrrcpyjBo
854.0,Only 15 000 people showed up last night to #batterseaparkfireworks #fireworks #Batterseaâ€¦ https://t.co/Rb3lzO94Aj
801.0,Last Night Fireworks ğŸ‰ #London @ London  United Kingdom https://t.co/v3ErDpgxaM
293.0,Bash ment in the park for fireworks night @ Saint Albans https://t.co/cDzfSqqxs5
178.0,The fireworks were so pretty last night ğŸ’¥ğŸ”¥ğŸ˜» @ Alexandra Palace https://t.co/sbN3bnu7Vt
431.0,Last night in #lewes #nofilter #bonfire #fireworks #remememberrememberthefifthofnovemberâ€¦ https://t.co/3WSTIHB4B0
702.0,@precision1976 @theparkclubwith @porscheretailgroup for their fireworks show tomorrow night #911â€¦ https://t.co/Hy4TnHDlT8
13.0,@krisreadsbooks @rnli_teddington Night starts from 6pm . Fireworks from 7.30 is . See you later.
5.0,To the inconsiderate arsehole who is letting off fireworks at 11.30 at night #fuckoff that is all........
373.0,Really enjoyed the bonfire and fireworks in Wrotham last night.â€¦ https://t.co/hI0j9rjal6
83.0,Usual post fireworks pint (at @TheHampshireHog in Hammersmith  London) https://t.co/CN1ENre42N
313.0,Neighbourhood watch #fireworks #eye #candy @ Belsize Park https://t.co/QQ4TUNFrkq
505.0,Unbelievable fireworks display @ Heveningham Hall tonight. @ Heveninghamâ€¦ https://t.co/v5VPABfFdn
340.0,ğŸ†#fireworks #ravenscourtpark #bonfirenight #london @ Ravenscourt Park Fireworks https://t.co/MuwcKglofP
720.0,This is cute as fuck ğŸ’¥ğŸ’› #bonfirenight #fireworks @ Stoke Park  Guildford https://t.co/1SEKOlQXwQ
395.0,Happy 300th birthday #Martell300 #fireworks #gardenparty @ French Embassy https://t.co/AdVUel2XXO
470.0,#fireworks ğŸ† #tulleys #Halloween ğŸ‘» #fog #foggy @ Tulleys Farm https://t.co/zqeGE8dnUN
555.0,#Tulleysfarm #fireworks #finale #Halloween #nov1st @ Tulleys Farm https://t.co/tuzUfVwapD
24.0,Expect nothing but fireworks from the @caterhammsport championships this weekend brandshatchofficialâ€¦ https://t.co/HDGcyt23tw
452.0,bet you haven't seen any fireworks in your feed today... ğŸ™„ (You're welcome! ğŸ¤—) | #bonfirenight @â€¦ https://t.co/IwsEPX4Pix
468.0,"Brilliant fireworks! Listen out for my ""whoa  that is amazing!"" Haha #blackheathfireworks @â€¦ https://t.co/BkrrgeLTgm"
419.0,â€œ@ThaStonerNation: Watching the fireworks high af like... http://t.co/oTUkHqmEHjâ€ @Tarun_Purewal ğŸ˜‚ğŸ˜‚
47.0,Last nights walk from the station #fireworks @ Croxley Green https://t.co/I8mB6lnLhU
664.0,Waiting for the fireworks... ğŸ’¥âœ¨ğŸ‡¬ğŸ‡§ @ Madison Rooftop Bar  London https://t.co/oH7kzgOLYQ
523.0,I never get tired of fireworks! #blackheathfireworks @ Blackheath Common https://t.co/sEBmdbNYln
129.0,#people at #blackheath trying to get to the #fireworks @ Blackheath  London https://t.co/yUakmD6eL4
628.0,Fireworks at Center Parcs @ Center Parcs - Woburn Forest https://t.co/NL53fB6BM6
232.0,Ennio has come for a snuggle - he doesn't like the fireworks @ East Dulwich https://t.co/q4RM138tye
514.0,Fireworks Southwark Park as from Arica Hse #SE16 @ Southwark Park https://t.co/eXpntKVESW
305.0,ohh. Fireworks and tall ships. (@ The River Gardens) https://t.co/OFQ9J9P8KA http://t.co/aPYkMOACu6
281.0,"@TinfoilTricorn ""motherfuckin' bootleg fireworks"" - did you even watch the video?"
37.0,ğŸ†ğŸ†ğŸ†ğŸ†ğŸ†ğŸ’“#guyfawkesnight #guyfawkes #bonfirenight @ Fireworks Festival Alexandra Palace https://t.co/GUHbeCNqcH
51.0,Truffling with my favourite person ğŸ–ğŸ»ğŸ½ @ Cassiobury Park Fireworks https://t.co/ToWeAfiGgR
487.0,Happy 4th of July from PrimrosÃ© Hill! ğŸ‡ºğŸ‡¸ğŸ‡ºğŸ‡¸ğŸ‡ºğŸ‡¸ğŸ’•ğŸ’•ğŸ’•ğŸ˜ğŸ˜ğŸ˜â¤ï¸â¤ï¸â¤ï¸ğŸ’¥ğŸ’¥ğŸ’¥ğŸğŸğŸ #USAinUK #FIREWORKSâ€¦ https://t.co/wI4oSEavHf
255.0,Fireworks tonight. I love this photo  pure unadulterated childhoodâ€¦ https://t.co/hiMp1YRn7d
172.0,#november #London #VictoriaPark #fireworks #Sky @ Victoria Park https://t.co/qrbImQr3lF
186.0,#bonfirenight #guyfawkes #guyfawkesnight @ Fireworks Festival Alexandra Palace https://t.co/rYAspD4fLk
635.0,Fireworks with my fav little one ğŸ’¥ @ Butterfly World Project https://t.co/upalBKzDHU
245.0,Fireworks a few weeks back were great with Poppy â¤ï¸ poppy_george ğŸ˜˜â¤ï¸ @â€¦ https://t.co/HO7ERzfL3K
429.0,Let the show begin #fireworks (at @LeedsCastleUk in Maidstone  Kent) https://t.co/C71gToyMMH https://t.co/4RbRwqc1zk
194.0,Fireworks. .When England celebrates #guyfawkesday #guyfawkesday2015 #guyfawkesâ€¦ https://t.co/NgMGkZomjJ
65.0,Some wizard in the making! ğŸ˜‚ #priorypark #fireworks #christmas2015 @ Priory Park https://t.co/rpR0H9HxIp
499.0,#wireless2015 #drake #fireworks #london #finsburypark @ Finsbury Park https://t.co/rvITSftQug
35.0,Fireworks!! (@ Battersea Park - @batterseapksw11 in Battersea  Greater London) https://t.co/mqhtVJjPRf
92.0,Lovely fireworks and yummy mulled wine with winship29 #hadleywoodâ€¦ https://t.co/nGhcDaBHkM
498.0,#beautiful #fireworks #love #them #barton @ Barton Rovers https://t.co/TJOPS3WMqt
49.0,#Bonfire #Fireworks #Winter @ Waltham Abbey  United Kingdom https://t.co/GU9LNeApZt
19.0,5/12/2015 - Nothing beats fireworks and a good view  #vscocam #thisislondon #d3300  A9 @â€¦ https://t.co/BxgVGZ5qg7
632.0,Fireworks tonight @ Stonham Barns Leisure & Retail Village https://t.co/ss9Rphb8rY
485.0,#bonfire #bonfirenight #batterseapark #fireworks #london @ Battersea Park https://t.co/Qfj3cOTtXS
6.0,Fireworks ğŸ‰ğŸ’¥ #grrc #christmassy #feelingfestive #love @ Goodwood House https://t.co/Mwy5sIBIHx
92.0,Remember  remember the 5th of November ğŸ’¥ #guyfawkes #fireworks @ Blackheath Common https://t.co/buBDz6HcZr
864.0,The cracker lackin' fireworks tonight! @ Ealing Cricket Club https://t.co/p7acrQwvv0
471.0,Had such a lovely evening at Alexandra palace watching the fireworks withâ€¦ https://t.co/kXBvk16csL
151.0,Short lived but nice. #fireworks on #blackheath @ Blackheath Common https://t.co/osgPjJPES1
677.0,Battersea Park 2015   #fireworks #london #battersea #dji #dronepicâ€¦ https://t.co/wqi0Owtd5O
580.0,#guyfawkesnight #remembernovember #thefifthofnovember ğŸ‡¬ğŸ‡§ğŸ‡¬ğŸ‡§ğŸ‡¬ğŸ‡§ @ Southwark Park Fireworks https://t.co/hnZBpUhRtH
663.0,Quex Park fireworks are always so spectacular ğŸ˜ @ Quex park https://t.co/ofoPyrGLyT
573.0,#riverthames #bonfirenight #fireworks #londonliving @ Thames Rowing Club https://t.co/aFzAr0zuLL
589.0,Ally Pally Lasers @ Fireworks Festival Alexandra Palace https://t.co/GwSqtxjEHi
613.0,Ally Pally Lasers @ Fireworks Festival Alexandra Palace https://t.co/NG0kQuXkIW
443.0,Spectacular #fireworks at #BatterseaPark with my boys @hairrehablondon @gavinsandilands bobbyhoggâ€¦ https://t.co/wN0Dz7HoyC
219.0,#aboutbeforeyesterday .. #fireworks on sarahharrisuk @britishvogue head.. ğŸ‰ğŸ’ƒğŸ’ƒ in @nicolemillernycâ€¦ https://t.co/TUrIzJ0r1V
431.0,#fireworks #riverthames #londonliving #fire @ Thames Rowing Club https://t.co/dQTy3xTWd0
701.0,Whoa lights! #allypally @ Fireworks Festival Alexandra Palace https://t.co/0nJ1quhd4V
800.0,Just posted a video @ Fireworks Festival Alexandra Palace https://t.co/8GU821MXsf
724.0,#fireworks going off left  right and centre. @ Blackheath Common https://t.co/l50vzmL7SL
118.0,Fireworks to light up prom http://t.co/v53HXLDZJg #Maldon #Essex http://t.co/kBk44W38DQ
565.0,#bonfire #fireworks #guyfawkes @ Crystal Palace Park London S.E 19 https://t.co/waMcq6Xeca
657.0,If ever there is a time where I don't find fireworks amazing  kill me #batterseaparkfireworksâ€¦ https://t.co/VXSHojyrKT
159.0,ğŸŒ ğŸ‡ğŸ† thanks #allypally @ Fireworks Festival Alexandra Palace https://t.co/mQgcSC8OqZ
470.0,Remember  remember the 6th (adapted) of November! ğŸ†  Hate fireworks butâ€¦ https://t.co/PXOLd2pbxh
164.0,#bonfirenight #guyfawkes #guyfawkesnight @ Fireworks Festival Alexandra Palace https://t.co/TtAJG9dxfH
168.0,Just posted a video @ Fireworks Festival Alexandra Palace https://t.co/kKWeMD5sc7
625.0,Lighting up the sky âœ¨ #bonfirenight #fireworks #london @ Blackheath Common https://t.co/BApILsFwfj
640.0,Seconds before the fireworks scared us (me) to the ground. Ha! #hookedup #vfestival #elliegouldingâ€¦ https://t.co/FcZ90XYt25
390.0,The lighting of the beacon #fireworks #tradition #remember @ Stoke Park â€¦ https://t.co/k13w84k6ad
728.0,#fireworks @ Barton Rovers Football Club - Social scene https://t.co/TwnpqPAhgB
773.0,This photo blows my mind. Fireworks are the most beautiful things ever inâ€¦ https://t.co/ihMOLhcGet
839.0,Just posted a video @ Fireworks Festival Alexandra Palace https://t.co/nHzAce7B8B
211.0,ğŸ‰ğŸ‰ğŸ‰ğŸ‰ #leedscastle #5thnovember #guyfawkes #fireworks @ Leeds Castle https://t.co/EXEGBzep3w
325.0,LondonFire: Remember it is illegal to set off fireworks between 11pm & 7am tomorrow morning https://t.co/ewtLmn7JUs https://t.co/i3QBfYUNaN
515.0,I had no idea why there's so many fireworks going on now  here in Hatfield. ğŸ‡ğŸ‡ğŸ†ğŸ†ğŸ‡ğŸ†
482.0,#bonfire #bonfirenight #batterseapark #fireworks #london @ Battersea Park https://t.co/RJS5OQoUWu
538.0,Fireworks nightmare and a cup of looking over Portsmouth ğŸŒ§ @ Portsdown Hill https://t.co/LNSscqWZ5f
681.0,we might have seen many fireworks but the views were still goodğŸŒƒğŸŒ‰ğŸŒŠ @â€¦ https://t.co/kPH3lUGwpG
542.0,Like a big kid ğŸ¡â¤ï¸ @ LBL Blackheath Fireworks https://t.co/jDRIq2sMTv
500.0,Fire Fire!! Work Work!! | London #fireworks #londonâ€¦ https://t.co/uTPMk26E7h
204.0,St.Albans fireworks you get me every time #skyfullofstars #mulledwineâ€¦ https://t.co/9BESbmxnKG
453.0,Feeling the heat. Battersea Park Fireworks 2015. @ Battersea Park https://t.co/jfiHEdOXRh
715.0,#fireworks #bonfire #bonfirenight #london @ London  United Kingdom https://t.co/EO3vGl3Ibs
196.0,Loved the fireworks this evening at #blackheath ğŸ’œ #blackheathfireworks #london #londonlifeâ€¦ https://t.co/dCeS9PR2bK
838.0,#london #bonfirenight #fireworks #superman pyromusical @ Clissold Park https://t.co/0M2oAX7p5V
443.0,#guyfawkesnight #bonfire #fireworks #london #batterseapark @ Battersea Park https://t.co/tWZKs96B24
323.0,Fireworks! (@ Southwark Park in Bermondsey  Greater London w/ @antiquote) https://t.co/9Ht3oYD21g
39.0,@TinfoilTricorn the video makes it pretty clear that it was bootleg fireworks?
41.0,Fireworks. #blackheath #blackheathfireworks #london #londonfireworks #bonfire #bonfirenightâ€¦ https://t.co/ad8XuTzfqt
636.0,Fireworks ğŸ™ŒğŸ˜›ğŸ‰ğŸ‰ #london #uk #eurotrip #jeffrodworldtour #vacation #sohappyâ€¦ https://t.co/EyI7IdbZ2e
656.0,The best vantage point for Guy Fawkes fireworks #happybirthdayspencerâ€¦ https://t.co/llu2BqOBNo
486.0,Fireworks and only light drizzle :) (@ Stoke Park in Guildford  Surrey) https://t.co/hDgytOxYZF https://t.co/ZPecFxgDts
248.0,Boom! ğŸ’¥ #fireworks #guyfawkes #explosion @ Royal Gunpowder Mills https://t.co/oIvYrkqJPI
825.0,Remember  Remember the 5th of November 1812 Overture #V #1812 #tchaikovsky #fireworks #5thofnovemberâ€¦ https://t.co/aIrKXMQvQg
95.0,Quick entertainment for tonight :) #batterseafireworks @ Battersea Park Fireworks https://t.co/4q1DQdaqV1
479.0,Display fireworks on sale! #fireworknight massive range! @ HaroldWoodfireworkshop https://t.co/Nr4pHqe8j3
36.0,Fireworks time!ğŸ†ğŸ†ğŸ† (at @EalingCricket Club in Ealing  London) https://t.co/CUk7XXSGde
9.0,The finale of last night's #fireworks @castletooting. Amazing #display byâ€¦ https://t.co/hPXWfSnppU
522.0,@RobinKingArtist my cats like to watch fireworks from the other side of the window.
506.0,That was a great #twickenham game #engvaus but all the #fireworks came from the #wallabies. Have toâ€¦ https://t.co/67EPag0QjV
130.0,#CelebrationOfLife #BrocadeCrown #fannysfarmshopreigate #Fireworks @ Fanny's Farm Shop https://t.co/c1Vf7LSAZU
793.0,Slo-mo fireworks at Southwark Park keeping it real... #southwarkfireworksâ€¦ https://t.co/kpOuA2ck9j
406.0,Bang bang  #fireworks #victoriapark #bang @ Victoria Park https://t.co/ocUQSHtqzr
191.0,Halloween fireworks to Cypress Hill @ Vauxhall Pleasure Park https://t.co/921U88JHAK
489.0,Daytime Fireworks look amazing. Set them all off NOW! ğŸ† @ Shoreditch https://t.co/tan2pwiM0R
493.0,#Fireworks already? Just scared the bejesus outa me #Stiffordclays x
446.0,SPARKLES â­ï¸ #fireworks #sparklers #sparkles @ London  United Kingdom https://t.co/YHT9SlgwBy
82.0,Rocking the boots heading to #batterseapark for the #fireworks #guyfawkesnight #fromwhereistand @ Stâ€¦ https://t.co/xggdoAiHgA
511.0,Fireworks n blues - eAst LDN style w @zoepeden and friends https://t.co/7kCPRFoGv2
212.0,Not impressed with the continuing fireworks! #whippet #stressed #dog @ Home https://t.co/QcZ7eCEKsv
226.0,Leeds Castle fireworks with my love! â˜ºï¸â¤ï¸ @ Leeds Castle https://t.co/9Bc5xyGzxZ
771.0,#bonfirenight celebrations #fireworks #sparklers #london @ Blackheath Common https://t.co/QInu7dwJ1q
685.0,Set them all off NOW. Daytime fireworks are amazing! X @ Victoria Park https://t.co/8U8sOZm2qz
352.0,#sparklers #bonfire #brilliantbirthdayfun #fireworks #london @ Tooting Commons https://t.co/NE1oA9JfCt
31.0,Guten Tag Oktoberfest! @ Fireworks Festival Alexandra Palace https://t.co/ssGF8xPg5o
541.0,âœ¨ğŸ†ğŸ’¥â˜„ğŸ‰ #fireworks #knaphill #onlyhalfdecentphotoigot @ Knaphill Firework Display https://t.co/DtnQfyFKj5
827.0,At the #AlexandraPalace #GermanBeerFestival before the #fireworks later tonight! Currently have a jugâ€¦ https://t.co/7GVr53AbHu
178.0,#gelish #lecenteglitter #fireworks #lecentefireworks #glamgelishnailco #gelishmani #gelishnailsâ€¦ https://t.co/WBCgi8Zc4t
571.0,#Fireworks #Halloween #Friends #iPhone6sPlusCamera #edit ğŸƒğŸ†ğŸ’¥ @ Haynes https://t.co/m7h94sMRBC
562.0,Loving the view over London. @ Fireworks Festival Alexandra Palace https://t.co/UzGjVBrrPH
264.0,Fireworks! (@ Victoria Park - @towerhamletsnow in Bow  Greater London) https://t.co/GGA1S3TNWl https://t.co/0g4ASf2qXP
